,Email ID
qadosaloadtestuser1,qadosaloadtestuser1@yopmail.com
qadosaloadtestuser2,qadosaloadtestuser2@yopmail.com
qadosaloadtestuser3,qadosaloadtestuser3@yopmail.com
qadosaloadtestuser4,qadosaloadtestuser4@yopmail.com
qadosaloadtestuser5,qadosaloadtestuser5@yopmail.com
qadosaloadtestuser6,qadosaloadtestuser6@yopmail.com
qadosaloadtestuser7,qadosaloadtestuser7@yopmail.com
qadosaloadtestuser8,qadosaloadtestuser8@yopmail.com
qadosaloadtestuser9,qadosaloadtestuser9@yopmail.com
qadosaloadtestuser10,qadosaloadtestuser10@yopmail.com
qadosaloadtestuser11,qadosaloadtestuser11@yopmail.com
qadosaloadtestuser12,qadosaloadtestuser12@yopmail.com
qadosaloadtestuser13,qadosaloadtestuser13@yopmail.com
qadosaloadtestuser14,qadosaloadtestuser14@yopmail.com
qadosaloadtestuser15,qadosaloadtestuser15@yopmail.com
qadosaloadtestuser16,qadosaloadtestuser16@yopmail.com
qadosaloadtestuser17,qadosaloadtestuser17@yopmail.com
qadosaloadtestuser18,qadosaloadtestuser18@yopmail.com
qadosaloadtestuser19,qadosaloadtestuser19@yopmail.com
qadosaloadtestuser20,qadosaloadtestuser20@yopmail.com
qadosaloadtestuser21,qadosaloadtestuser21@yopmail.com
qadosaloadtestuser22,qadosaloadtestuser22@yopmail.com
qadosaloadtestuser23,qadosaloadtestuser23@yopmail.com
qadosaloadtestuser24,qadosaloadtestuser24@yopmail.com
qadosaloadtestuser25,qadosaloadtestuser25@yopmail.com
qadosaloadtestuser26,qadosaloadtestuser26@yopmail.com
qadosaloadtestuser27,qadosaloadtestuser27@yopmail.com
qadosaloadtestuser28,qadosaloadtestuser28@yopmail.com
qadosaloadtestuser29,qadosaloadtestuser29@yopmail.com
qadosaloadtestuser30,qadosaloadtestuser30@yopmail.com
qadosaloadtestuser31,qadosaloadtestuser31@yopmail.com
qadosaloadtestuser32,qadosaloadtestuser32@yopmail.com
qadosaloadtestuser33,qadosaloadtestuser33@yopmail.com
qadosaloadtestuser34,qadosaloadtestuser34@yopmail.com
qadosaloadtestuser35,qadosaloadtestuser35@yopmail.com
qadosaloadtestuser36,qadosaloadtestuser36@yopmail.com
qadosaloadtestuser37,qadosaloadtestuser37@yopmail.com
qadosaloadtestuser38,qadosaloadtestuser38@yopmail.com
qadosaloadtestuser39,qadosaloadtestuser39@yopmail.com
qadosaloadtestuser40,qadosaloadtestuser40@yopmail.com
qadosaloadtestuser41,qadosaloadtestuser41@yopmail.com
qadosaloadtestuser42,qadosaloadtestuser42@yopmail.com
qadosaloadtestuser43,qadosaloadtestuser43@yopmail.com
qadosaloadtestuser44,qadosaloadtestuser44@yopmail.com
qadosaloadtestuser45,qadosaloadtestuser45@yopmail.com
qadosaloadtestuser46,qadosaloadtestuser46@yopmail.com
qadosaloadtestuser47,qadosaloadtestuser47@yopmail.com
qadosaloadtestuser48,qadosaloadtestuser48@yopmail.com
qadosaloadtestuser49,qadosaloadtestuser49@yopmail.com
qadosaloadtestuser50,qadosaloadtestuser50@yopmail.com
qadosaloadtestuser51,qadosaloadtestuser51@yopmail.com
qadosaloadtestuser52,qadosaloadtestuser52@yopmail.com
qadosaloadtestuser53,qadosaloadtestuser53@yopmail.com
qadosaloadtestuser54,qadosaloadtestuser54@yopmail.com
qadosaloadtestuser55,qadosaloadtestuser55@yopmail.com
qadosaloadtestuser56,qadosaloadtestuser56@yopmail.com
qadosaloadtestuser57,qadosaloadtestuser57@yopmail.com
qadosaloadtestuser58,qadosaloadtestuser58@yopmail.com
qadosaloadtestuser59,qadosaloadtestuser59@yopmail.com
qadosaloadtestuser60,qadosaloadtestuser60@yopmail.com
qadosaloadtestuser61,qadosaloadtestuser61@yopmail.com
qadosaloadtestuser62,qadosaloadtestuser62@yopmail.com
qadosaloadtestuser63,qadosaloadtestuser63@yopmail.com
qadosaloadtestuser64,qadosaloadtestuser64@yopmail.com
qadosaloadtestuser65,qadosaloadtestuser65@yopmail.com
qadosaloadtestuser66,qadosaloadtestuser66@yopmail.com
qadosaloadtestuser67,qadosaloadtestuser67@yopmail.com
qadosaloadtestuser68,qadosaloadtestuser68@yopmail.com
qadosaloadtestuser69,qadosaloadtestuser69@yopmail.com
qadosaloadtestuser70,qadosaloadtestuser70@yopmail.com
qadosaloadtestuser71,qadosaloadtestuser71@yopmail.com
qadosaloadtestuser72,qadosaloadtestuser72@yopmail.com
qadosaloadtestuser73,qadosaloadtestuser73@yopmail.com
qadosaloadtestuser74,qadosaloadtestuser74@yopmail.com
qadosaloadtestuser75,qadosaloadtestuser75@yopmail.com
qadosaloadtestuser76,qadosaloadtestuser76@yopmail.com
qadosaloadtestuser77,qadosaloadtestuser77@yopmail.com
qadosaloadtestuser78,qadosaloadtestuser78@yopmail.com
qadosaloadtestuser79,qadosaloadtestuser79@yopmail.com
qadosaloadtestuser80,qadosaloadtestuser80@yopmail.com
qadosaloadtestuser81,qadosaloadtestuser81@yopmail.com
qadosaloadtestuser82,qadosaloadtestuser82@yopmail.com
qadosaloadtestuser83,qadosaloadtestuser83@yopmail.com
qadosaloadtestuser84,qadosaloadtestuser84@yopmail.com
qadosaloadtestuser85,qadosaloadtestuser85@yopmail.com
qadosaloadtestuser86,qadosaloadtestuser86@yopmail.com
qadosaloadtestuser87,qadosaloadtestuser87@yopmail.com
qadosaloadtestuser88,qadosaloadtestuser88@yopmail.com
qadosaloadtestuser89,qadosaloadtestuser89@yopmail.com
qadosaloadtestuser90,qadosaloadtestuser90@yopmail.com
qadosaloadtestuser91,qadosaloadtestuser91@yopmail.com
qadosaloadtestuser92,qadosaloadtestuser92@yopmail.com
qadosaloadtestuser93,qadosaloadtestuser93@yopmail.com
qadosaloadtestuser94,qadosaloadtestuser94@yopmail.com
qadosaloadtestuser95,qadosaloadtestuser95@yopmail.com
qadosaloadtestuser96,qadosaloadtestuser96@yopmail.com
qadosaloadtestuser97,qadosaloadtestuser97@yopmail.com
qadosaloadtestuser98,qadosaloadtestuser98@yopmail.com
qadosaloadtestuser99,qadosaloadtestuser99@yopmail.com
qadosaloadtestuser100,qadosaloadtestuser100@yopmail.com
qadosaloadtestuser101,qadosaloadtestuser101@yopmail.com
qadosaloadtestuser102,qadosaloadtestuser102@yopmail.com
qadosaloadtestuser103,qadosaloadtestuser103@yopmail.com
qadosaloadtestuser104,qadosaloadtestuser104@yopmail.com
qadosaloadtestuser105,qadosaloadtestuser105@yopmail.com
qadosaloadtestuser106,qadosaloadtestuser106@yopmail.com
qadosaloadtestuser107,qadosaloadtestuser107@yopmail.com
qadosaloadtestuser108,qadosaloadtestuser108@yopmail.com
qadosaloadtestuser109,qadosaloadtestuser109@yopmail.com
qadosaloadtestuser110,qadosaloadtestuser110@yopmail.com
qadosaloadtestuser111,qadosaloadtestuser111@yopmail.com
qadosaloadtestuser112,qadosaloadtestuser112@yopmail.com
qadosaloadtestuser113,qadosaloadtestuser113@yopmail.com
qadosaloadtestuser114,qadosaloadtestuser114@yopmail.com
qadosaloadtestuser115,qadosaloadtestuser115@yopmail.com
qadosaloadtestuser116,qadosaloadtestuser116@yopmail.com
qadosaloadtestuser117,qadosaloadtestuser117@yopmail.com
qadosaloadtestuser118,qadosaloadtestuser118@yopmail.com
qadosaloadtestuser119,qadosaloadtestuser119@yopmail.com
qadosaloadtestuser120,qadosaloadtestuser120@yopmail.com
qadosaloadtestuser121,qadosaloadtestuser121@yopmail.com
qadosaloadtestuser122,qadosaloadtestuser122@yopmail.com
qadosaloadtestuser123,qadosaloadtestuser123@yopmail.com
qadosaloadtestuser124,qadosaloadtestuser124@yopmail.com
qadosaloadtestuser125,qadosaloadtestuser125@yopmail.com
qadosaloadtestuser126,qadosaloadtestuser126@yopmail.com
qadosaloadtestuser127,qadosaloadtestuser127@yopmail.com
qadosaloadtestuser128,qadosaloadtestuser128@yopmail.com
qadosaloadtestuser129,qadosaloadtestuser129@yopmail.com
qadosaloadtestuser130,qadosaloadtestuser130@yopmail.com
qadosaloadtestuser131,qadosaloadtestuser131@yopmail.com
qadosaloadtestuser132,qadosaloadtestuser132@yopmail.com
qadosaloadtestuser133,qadosaloadtestuser133@yopmail.com
qadosaloadtestuser134,qadosaloadtestuser134@yopmail.com
qadosaloadtestuser135,qadosaloadtestuser135@yopmail.com
qadosaloadtestuser136,qadosaloadtestuser136@yopmail.com
qadosaloadtestuser137,qadosaloadtestuser137@yopmail.com
qadosaloadtestuser138,qadosaloadtestuser138@yopmail.com
qadosaloadtestuser139,qadosaloadtestuser139@yopmail.com
qadosaloadtestuser140,qadosaloadtestuser140@yopmail.com
qadosaloadtestuser141,qadosaloadtestuser141@yopmail.com
qadosaloadtestuser142,qadosaloadtestuser142@yopmail.com
qadosaloadtestuser143,qadosaloadtestuser143@yopmail.com
qadosaloadtestuser144,qadosaloadtestuser144@yopmail.com
qadosaloadtestuser145,qadosaloadtestuser145@yopmail.com
qadosaloadtestuser146,qadosaloadtestuser146@yopmail.com
qadosaloadtestuser147,qadosaloadtestuser147@yopmail.com
qadosaloadtestuser148,qadosaloadtestuser148@yopmail.com
qadosaloadtestuser149,qadosaloadtestuser149@yopmail.com
qadosaloadtestuser150,qadosaloadtestuser150@yopmail.com
qadosaloadtestuser151,qadosaloadtestuser151@yopmail.com
qadosaloadtestuser152,qadosaloadtestuser152@yopmail.com
qadosaloadtestuser153,qadosaloadtestuser153@yopmail.com
qadosaloadtestuser154,qadosaloadtestuser154@yopmail.com
qadosaloadtestuser155,qadosaloadtestuser155@yopmail.com
qadosaloadtestuser156,qadosaloadtestuser156@yopmail.com
qadosaloadtestuser157,qadosaloadtestuser157@yopmail.com
qadosaloadtestuser158,qadosaloadtestuser158@yopmail.com
qadosaloadtestuser159,qadosaloadtestuser159@yopmail.com
qadosaloadtestuser160,qadosaloadtestuser160@yopmail.com
qadosaloadtestuser161,qadosaloadtestuser161@yopmail.com
qadosaloadtestuser162,qadosaloadtestuser162@yopmail.com
qadosaloadtestuser163,qadosaloadtestuser163@yopmail.com
qadosaloadtestuser164,qadosaloadtestuser164@yopmail.com
qadosaloadtestuser165,qadosaloadtestuser165@yopmail.com
qadosaloadtestuser166,qadosaloadtestuser166@yopmail.com
qadosaloadtestuser167,qadosaloadtestuser167@yopmail.com
qadosaloadtestuser168,qadosaloadtestuser168@yopmail.com
qadosaloadtestuser169,qadosaloadtestuser169@yopmail.com
qadosaloadtestuser170,qadosaloadtestuser170@yopmail.com
qadosaloadtestuser171,qadosaloadtestuser171@yopmail.com
qadosaloadtestuser172,qadosaloadtestuser172@yopmail.com
qadosaloadtestuser173,qadosaloadtestuser173@yopmail.com
qadosaloadtestuser174,qadosaloadtestuser174@yopmail.com
qadosaloadtestuser175,qadosaloadtestuser175@yopmail.com
qadosaloadtestuser176,qadosaloadtestuser176@yopmail.com
qadosaloadtestuser177,qadosaloadtestuser177@yopmail.com
qadosaloadtestuser178,qadosaloadtestuser178@yopmail.com
qadosaloadtestuser179,qadosaloadtestuser179@yopmail.com
qadosaloadtestuser180,qadosaloadtestuser180@yopmail.com
qadosaloadtestuser181,qadosaloadtestuser181@yopmail.com
qadosaloadtestuser182,qadosaloadtestuser182@yopmail.com
qadosaloadtestuser183,qadosaloadtestuser183@yopmail.com
qadosaloadtestuser184,qadosaloadtestuser184@yopmail.com
qadosaloadtestuser185,qadosaloadtestuser185@yopmail.com
qadosaloadtestuser186,qadosaloadtestuser186@yopmail.com
qadosaloadtestuser187,qadosaloadtestuser187@yopmail.com
qadosaloadtestuser188,qadosaloadtestuser188@yopmail.com
qadosaloadtestuser189,qadosaloadtestuser189@yopmail.com
qadosaloadtestuser190,qadosaloadtestuser190@yopmail.com
qadosaloadtestuser191,qadosaloadtestuser191@yopmail.com
qadosaloadtestuser192,qadosaloadtestuser192@yopmail.com
qadosaloadtestuser193,qadosaloadtestuser193@yopmail.com
qadosaloadtestuser194,qadosaloadtestuser194@yopmail.com
qadosaloadtestuser195,qadosaloadtestuser195@yopmail.com
qadosaloadtestuser196,qadosaloadtestuser196@yopmail.com
qadosaloadtestuser197,qadosaloadtestuser197@yopmail.com
qadosaloadtestuser198,qadosaloadtestuser198@yopmail.com
qadosaloadtestuser199,qadosaloadtestuser199@yopmail.com
qadosaloadtestuser200,qadosaloadtestuser200@yopmail.com
qadosaloadtestuser201,qadosaloadtestuser201@yopmail.com
qadosaloadtestuser202,qadosaloadtestuser202@yopmail.com
qadosaloadtestuser203,qadosaloadtestuser203@yopmail.com
qadosaloadtestuser204,qadosaloadtestuser204@yopmail.com
qadosaloadtestuser205,qadosaloadtestuser205@yopmail.com
qadosaloadtestuser206,qadosaloadtestuser206@yopmail.com
qadosaloadtestuser207,qadosaloadtestuser207@yopmail.com
qadosaloadtestuser208,qadosaloadtestuser208@yopmail.com
qadosaloadtestuser209,qadosaloadtestuser209@yopmail.com
qadosaloadtestuser210,qadosaloadtestuser210@yopmail.com
qadosaloadtestuser211,qadosaloadtestuser211@yopmail.com
qadosaloadtestuser212,qadosaloadtestuser212@yopmail.com
qadosaloadtestuser213,qadosaloadtestuser213@yopmail.com
qadosaloadtestuser214,qadosaloadtestuser214@yopmail.com
qadosaloadtestuser215,qadosaloadtestuser215@yopmail.com
qadosaloadtestuser216,qadosaloadtestuser216@yopmail.com
qadosaloadtestuser217,qadosaloadtestuser217@yopmail.com
qadosaloadtestuser218,qadosaloadtestuser218@yopmail.com
qadosaloadtestuser219,qadosaloadtestuser219@yopmail.com
qadosaloadtestuser220,qadosaloadtestuser220@yopmail.com
qadosaloadtestuser221,qadosaloadtestuser221@yopmail.com
qadosaloadtestuser222,qadosaloadtestuser222@yopmail.com
qadosaloadtestuser223,qadosaloadtestuser223@yopmail.com
qadosaloadtestuser224,qadosaloadtestuser224@yopmail.com
qadosaloadtestuser225,qadosaloadtestuser225@yopmail.com
qadosaloadtestuser226,qadosaloadtestuser226@yopmail.com
qadosaloadtestuser227,qadosaloadtestuser227@yopmail.com
qadosaloadtestuser228,qadosaloadtestuser228@yopmail.com
qadosaloadtestuser229,qadosaloadtestuser229@yopmail.com
qadosaloadtestuser230,qadosaloadtestuser230@yopmail.com
qadosaloadtestuser231,qadosaloadtestuser231@yopmail.com
qadosaloadtestuser232,qadosaloadtestuser232@yopmail.com
qadosaloadtestuser233,qadosaloadtestuser233@yopmail.com
qadosaloadtestuser234,qadosaloadtestuser234@yopmail.com
qadosaloadtestuser235,qadosaloadtestuser235@yopmail.com
qadosaloadtestuser236,qadosaloadtestuser236@yopmail.com
qadosaloadtestuser237,qadosaloadtestuser237@yopmail.com
qadosaloadtestuser238,qadosaloadtestuser238@yopmail.com
qadosaloadtestuser239,qadosaloadtestuser239@yopmail.com
qadosaloadtestuser240,qadosaloadtestuser240@yopmail.com
qadosaloadtestuser241,qadosaloadtestuser241@yopmail.com
qadosaloadtestuser242,qadosaloadtestuser242@yopmail.com
qadosaloadtestuser243,qadosaloadtestuser243@yopmail.com
qadosaloadtestuser244,qadosaloadtestuser244@yopmail.com
qadosaloadtestuser245,qadosaloadtestuser245@yopmail.com
qadosaloadtestuser246,qadosaloadtestuser246@yopmail.com
qadosaloadtestuser247,qadosaloadtestuser247@yopmail.com
qadosaloadtestuser248,qadosaloadtestuser248@yopmail.com
qadosaloadtestuser249,qadosaloadtestuser249@yopmail.com
qadosaloadtestuser250,qadosaloadtestuser250@yopmail.com
qadosaloadtestuser251,qadosaloadtestuser251@yopmail.com
qadosaloadtestuser252,qadosaloadtestuser252@yopmail.com
qadosaloadtestuser253,qadosaloadtestuser253@yopmail.com
qadosaloadtestuser254,qadosaloadtestuser254@yopmail.com
qadosaloadtestuser255,qadosaloadtestuser255@yopmail.com
qadosaloadtestuser256,qadosaloadtestuser256@yopmail.com
qadosaloadtestuser257,qadosaloadtestuser257@yopmail.com
qadosaloadtestuser258,qadosaloadtestuser258@yopmail.com
qadosaloadtestuser259,qadosaloadtestuser259@yopmail.com
qadosaloadtestuser260,qadosaloadtestuser260@yopmail.com
qadosaloadtestuser261,qadosaloadtestuser261@yopmail.com
qadosaloadtestuser262,qadosaloadtestuser262@yopmail.com
qadosaloadtestuser263,qadosaloadtestuser263@yopmail.com
qadosaloadtestuser264,qadosaloadtestuser264@yopmail.com
qadosaloadtestuser265,qadosaloadtestuser265@yopmail.com
qadosaloadtestuser266,qadosaloadtestuser266@yopmail.com
qadosaloadtestuser267,qadosaloadtestuser267@yopmail.com
qadosaloadtestuser268,qadosaloadtestuser268@yopmail.com
qadosaloadtestuser269,qadosaloadtestuser269@yopmail.com
qadosaloadtestuser270,qadosaloadtestuser270@yopmail.com
qadosaloadtestuser271,qadosaloadtestuser271@yopmail.com
qadosaloadtestuser272,qadosaloadtestuser272@yopmail.com
qadosaloadtestuser273,qadosaloadtestuser273@yopmail.com
qadosaloadtestuser274,qadosaloadtestuser274@yopmail.com
qadosaloadtestuser275,qadosaloadtestuser275@yopmail.com
qadosaloadtestuser276,qadosaloadtestuser276@yopmail.com
qadosaloadtestuser277,qadosaloadtestuser277@yopmail.com
qadosaloadtestuser278,qadosaloadtestuser278@yopmail.com
qadosaloadtestuser279,qadosaloadtestuser279@yopmail.com
qadosaloadtestuser280,qadosaloadtestuser280@yopmail.com
qadosaloadtestuser281,qadosaloadtestuser281@yopmail.com
qadosaloadtestuser282,qadosaloadtestuser282@yopmail.com
qadosaloadtestuser283,qadosaloadtestuser283@yopmail.com
qadosaloadtestuser284,qadosaloadtestuser284@yopmail.com
qadosaloadtestuser285,qadosaloadtestuser285@yopmail.com
qadosaloadtestuser286,qadosaloadtestuser286@yopmail.com
qadosaloadtestuser287,qadosaloadtestuser287@yopmail.com
qadosaloadtestuser288,qadosaloadtestuser288@yopmail.com
qadosaloadtestuser289,qadosaloadtestuser289@yopmail.com
qadosaloadtestuser290,qadosaloadtestuser290@yopmail.com
qadosaloadtestuser291,qadosaloadtestuser291@yopmail.com
qadosaloadtestuser292,qadosaloadtestuser292@yopmail.com
qadosaloadtestuser293,qadosaloadtestuser293@yopmail.com
qadosaloadtestuser294,qadosaloadtestuser294@yopmail.com
qadosaloadtestuser295,qadosaloadtestuser295@yopmail.com
qadosaloadtestuser296,qadosaloadtestuser296@yopmail.com
qadosaloadtestuser297,qadosaloadtestuser297@yopmail.com
qadosaloadtestuser298,qadosaloadtestuser298@yopmail.com
qadosaloadtestuser299,qadosaloadtestuser299@yopmail.com
qadosaloadtestuser300,qadosaloadtestuser300@yopmail.com
qadosaloadtestuser301,qadosaloadtestuser301@yopmail.com
qadosaloadtestuser302,qadosaloadtestuser302@yopmail.com
qadosaloadtestuser303,qadosaloadtestuser303@yopmail.com
qadosaloadtestuser304,qadosaloadtestuser304@yopmail.com
qadosaloadtestuser305,qadosaloadtestuser305@yopmail.com
qadosaloadtestuser306,qadosaloadtestuser306@yopmail.com
qadosaloadtestuser307,qadosaloadtestuser307@yopmail.com
qadosaloadtestuser308,qadosaloadtestuser308@yopmail.com
qadosaloadtestuser309,qadosaloadtestuser309@yopmail.com
qadosaloadtestuser310,qadosaloadtestuser310@yopmail.com
qadosaloadtestuser311,qadosaloadtestuser311@yopmail.com
qadosaloadtestuser312,qadosaloadtestuser312@yopmail.com
qadosaloadtestuser313,qadosaloadtestuser313@yopmail.com
qadosaloadtestuser314,qadosaloadtestuser314@yopmail.com
qadosaloadtestuser315,qadosaloadtestuser315@yopmail.com
qadosaloadtestuser316,qadosaloadtestuser316@yopmail.com
qadosaloadtestuser317,qadosaloadtestuser317@yopmail.com
qadosaloadtestuser318,qadosaloadtestuser318@yopmail.com
qadosaloadtestuser319,qadosaloadtestuser319@yopmail.com
qadosaloadtestuser320,qadosaloadtestuser320@yopmail.com
qadosaloadtestuser321,qadosaloadtestuser321@yopmail.com
qadosaloadtestuser322,qadosaloadtestuser322@yopmail.com
qadosaloadtestuser323,qadosaloadtestuser323@yopmail.com
qadosaloadtestuser324,qadosaloadtestuser324@yopmail.com
qadosaloadtestuser325,qadosaloadtestuser325@yopmail.com
qadosaloadtestuser326,qadosaloadtestuser326@yopmail.com
qadosaloadtestuser327,qadosaloadtestuser327@yopmail.com
qadosaloadtestuser328,qadosaloadtestuser328@yopmail.com
qadosaloadtestuser329,qadosaloadtestuser329@yopmail.com
qadosaloadtestuser330,qadosaloadtestuser330@yopmail.com
qadosaloadtestuser331,qadosaloadtestuser331@yopmail.com
qadosaloadtestuser332,qadosaloadtestuser332@yopmail.com
qadosaloadtestuser333,qadosaloadtestuser333@yopmail.com
qadosaloadtestuser334,qadosaloadtestuser334@yopmail.com
qadosaloadtestuser335,qadosaloadtestuser335@yopmail.com
qadosaloadtestuser336,qadosaloadtestuser336@yopmail.com
qadosaloadtestuser337,qadosaloadtestuser337@yopmail.com
qadosaloadtestuser338,qadosaloadtestuser338@yopmail.com
qadosaloadtestuser339,qadosaloadtestuser339@yopmail.com
qadosaloadtestuser340,qadosaloadtestuser340@yopmail.com
qadosaloadtestuser341,qadosaloadtestuser341@yopmail.com
qadosaloadtestuser342,qadosaloadtestuser342@yopmail.com
qadosaloadtestuser343,qadosaloadtestuser343@yopmail.com
qadosaloadtestuser344,qadosaloadtestuser344@yopmail.com
qadosaloadtestuser345,qadosaloadtestuser345@yopmail.com
qadosaloadtestuser346,qadosaloadtestuser346@yopmail.com
qadosaloadtestuser347,qadosaloadtestuser347@yopmail.com
qadosaloadtestuser348,qadosaloadtestuser348@yopmail.com
qadosaloadtestuser349,qadosaloadtestuser349@yopmail.com
qadosaloadtestuser350,qadosaloadtestuser350@yopmail.com
qadosaloadtestuser351,qadosaloadtestuser351@yopmail.com
qadosaloadtestuser352,qadosaloadtestuser352@yopmail.com
qadosaloadtestuser353,qadosaloadtestuser353@yopmail.com
qadosaloadtestuser354,qadosaloadtestuser354@yopmail.com
qadosaloadtestuser355,qadosaloadtestuser355@yopmail.com
qadosaloadtestuser356,qadosaloadtestuser356@yopmail.com
qadosaloadtestuser357,qadosaloadtestuser357@yopmail.com
qadosaloadtestuser358,qadosaloadtestuser358@yopmail.com
qadosaloadtestuser359,qadosaloadtestuser359@yopmail.com
qadosaloadtestuser360,qadosaloadtestuser360@yopmail.com
qadosaloadtestuser361,qadosaloadtestuser361@yopmail.com
qadosaloadtestuser362,qadosaloadtestuser362@yopmail.com
qadosaloadtestuser363,qadosaloadtestuser363@yopmail.com
qadosaloadtestuser364,qadosaloadtestuser364@yopmail.com
qadosaloadtestuser365,qadosaloadtestuser365@yopmail.com
qadosaloadtestuser366,qadosaloadtestuser366@yopmail.com
qadosaloadtestuser367,qadosaloadtestuser367@yopmail.com
qadosaloadtestuser368,qadosaloadtestuser368@yopmail.com
qadosaloadtestuser369,qadosaloadtestuser369@yopmail.com
qadosaloadtestuser370,qadosaloadtestuser370@yopmail.com
qadosaloadtestuser371,qadosaloadtestuser371@yopmail.com
qadosaloadtestuser372,qadosaloadtestuser372@yopmail.com
qadosaloadtestuser373,qadosaloadtestuser373@yopmail.com
qadosaloadtestuser374,qadosaloadtestuser374@yopmail.com
qadosaloadtestuser375,qadosaloadtestuser375@yopmail.com
qadosaloadtestuser376,qadosaloadtestuser376@yopmail.com
qadosaloadtestuser377,qadosaloadtestuser377@yopmail.com
qadosaloadtestuser378,qadosaloadtestuser378@yopmail.com
qadosaloadtestuser379,qadosaloadtestuser379@yopmail.com
qadosaloadtestuser380,qadosaloadtestuser380@yopmail.com
qadosaloadtestuser381,qadosaloadtestuser381@yopmail.com
qadosaloadtestuser382,qadosaloadtestuser382@yopmail.com
qadosaloadtestuser383,qadosaloadtestuser383@yopmail.com
qadosaloadtestuser384,qadosaloadtestuser384@yopmail.com
qadosaloadtestuser385,qadosaloadtestuser385@yopmail.com
qadosaloadtestuser386,qadosaloadtestuser386@yopmail.com
qadosaloadtestuser387,qadosaloadtestuser387@yopmail.com
qadosaloadtestuser388,qadosaloadtestuser388@yopmail.com
qadosaloadtestuser389,qadosaloadtestuser389@yopmail.com
qadosaloadtestuser390,qadosaloadtestuser390@yopmail.com
qadosaloadtestuser391,qadosaloadtestuser391@yopmail.com
qadosaloadtestuser392,qadosaloadtestuser392@yopmail.com
qadosaloadtestuser393,qadosaloadtestuser393@yopmail.com
qadosaloadtestuser394,qadosaloadtestuser394@yopmail.com
qadosaloadtestuser395,qadosaloadtestuser395@yopmail.com
qadosaloadtestuser396,qadosaloadtestuser396@yopmail.com
qadosaloadtestuser397,qadosaloadtestuser397@yopmail.com
qadosaloadtestuser398,qadosaloadtestuser398@yopmail.com
qadosaloadtestuser399,qadosaloadtestuser399@yopmail.com
qadosaloadtestuser400,qadosaloadtestuser400@yopmail.com
qadosaloadtestuser401,qadosaloadtestuser401@yopmail.com
qadosaloadtestuser402,qadosaloadtestuser402@yopmail.com
qadosaloadtestuser403,qadosaloadtestuser403@yopmail.com
qadosaloadtestuser404,qadosaloadtestuser404@yopmail.com
qadosaloadtestuser405,qadosaloadtestuser405@yopmail.com
qadosaloadtestuser406,qadosaloadtestuser406@yopmail.com
qadosaloadtestuser407,qadosaloadtestuser407@yopmail.com
qadosaloadtestuser408,qadosaloadtestuser408@yopmail.com
qadosaloadtestuser409,qadosaloadtestuser409@yopmail.com
qadosaloadtestuser410,qadosaloadtestuser410@yopmail.com
qadosaloadtestuser411,qadosaloadtestuser411@yopmail.com
qadosaloadtestuser412,qadosaloadtestuser412@yopmail.com
qadosaloadtestuser413,qadosaloadtestuser413@yopmail.com
qadosaloadtestuser414,qadosaloadtestuser414@yopmail.com
qadosaloadtestuser415,qadosaloadtestuser415@yopmail.com
qadosaloadtestuser416,qadosaloadtestuser416@yopmail.com
qadosaloadtestuser417,qadosaloadtestuser417@yopmail.com
qadosaloadtestuser418,qadosaloadtestuser418@yopmail.com
qadosaloadtestuser419,qadosaloadtestuser419@yopmail.com
qadosaloadtestuser420,qadosaloadtestuser420@yopmail.com
qadosaloadtestuser421,qadosaloadtestuser421@yopmail.com
qadosaloadtestuser422,qadosaloadtestuser422@yopmail.com
qadosaloadtestuser423,qadosaloadtestuser423@yopmail.com
qadosaloadtestuser424,qadosaloadtestuser424@yopmail.com
qadosaloadtestuser425,qadosaloadtestuser425@yopmail.com
qadosaloadtestuser426,qadosaloadtestuser426@yopmail.com
qadosaloadtestuser427,qadosaloadtestuser427@yopmail.com
qadosaloadtestuser428,qadosaloadtestuser428@yopmail.com
qadosaloadtestuser429,qadosaloadtestuser429@yopmail.com
qadosaloadtestuser430,qadosaloadtestuser430@yopmail.com
qadosaloadtestuser431,qadosaloadtestuser431@yopmail.com
qadosaloadtestuser432,qadosaloadtestuser432@yopmail.com
qadosaloadtestuser433,qadosaloadtestuser433@yopmail.com
qadosaloadtestuser434,qadosaloadtestuser434@yopmail.com
qadosaloadtestuser435,qadosaloadtestuser435@yopmail.com
qadosaloadtestuser436,qadosaloadtestuser436@yopmail.com
qadosaloadtestuser437,qadosaloadtestuser437@yopmail.com
qadosaloadtestuser438,qadosaloadtestuser438@yopmail.com
qadosaloadtestuser439,qadosaloadtestuser439@yopmail.com
qadosaloadtestuser440,qadosaloadtestuser440@yopmail.com
qadosaloadtestuser441,qadosaloadtestuser441@yopmail.com
qadosaloadtestuser442,qadosaloadtestuser442@yopmail.com
qadosaloadtestuser443,qadosaloadtestuser443@yopmail.com
qadosaloadtestuser444,qadosaloadtestuser444@yopmail.com
qadosaloadtestuser445,qadosaloadtestuser445@yopmail.com
qadosaloadtestuser446,qadosaloadtestuser446@yopmail.com
qadosaloadtestuser447,qadosaloadtestuser447@yopmail.com
qadosaloadtestuser448,qadosaloadtestuser448@yopmail.com
qadosaloadtestuser449,qadosaloadtestuser449@yopmail.com
qadosaloadtestuser450,qadosaloadtestuser450@yopmail.com
qadosaloadtestuser451,qadosaloadtestuser451@yopmail.com
qadosaloadtestuser452,qadosaloadtestuser452@yopmail.com
qadosaloadtestuser453,qadosaloadtestuser453@yopmail.com
qadosaloadtestuser454,qadosaloadtestuser454@yopmail.com
qadosaloadtestuser455,qadosaloadtestuser455@yopmail.com
qadosaloadtestuser456,qadosaloadtestuser456@yopmail.com
qadosaloadtestuser457,qadosaloadtestuser457@yopmail.com
qadosaloadtestuser458,qadosaloadtestuser458@yopmail.com
qadosaloadtestuser459,qadosaloadtestuser459@yopmail.com
qadosaloadtestuser460,qadosaloadtestuser460@yopmail.com
qadosaloadtestuser461,qadosaloadtestuser461@yopmail.com
qadosaloadtestuser462,qadosaloadtestuser462@yopmail.com
qadosaloadtestuser463,qadosaloadtestuser463@yopmail.com
qadosaloadtestuser464,qadosaloadtestuser464@yopmail.com
qadosaloadtestuser465,qadosaloadtestuser465@yopmail.com
qadosaloadtestuser466,qadosaloadtestuser466@yopmail.com
qadosaloadtestuser467,qadosaloadtestuser467@yopmail.com
qadosaloadtestuser468,qadosaloadtestuser468@yopmail.com
qadosaloadtestuser469,qadosaloadtestuser469@yopmail.com
qadosaloadtestuser470,qadosaloadtestuser470@yopmail.com
qadosaloadtestuser471,qadosaloadtestuser471@yopmail.com
qadosaloadtestuser472,qadosaloadtestuser472@yopmail.com
qadosaloadtestuser473,qadosaloadtestuser473@yopmail.com
qadosaloadtestuser474,qadosaloadtestuser474@yopmail.com
qadosaloadtestuser475,qadosaloadtestuser475@yopmail.com
qadosaloadtestuser476,qadosaloadtestuser476@yopmail.com
qadosaloadtestuser477,qadosaloadtestuser477@yopmail.com
qadosaloadtestuser478,qadosaloadtestuser478@yopmail.com
qadosaloadtestuser479,qadosaloadtestuser479@yopmail.com
qadosaloadtestuser480,qadosaloadtestuser480@yopmail.com
qadosaloadtestuser481,qadosaloadtestuser481@yopmail.com
qadosaloadtestuser482,qadosaloadtestuser482@yopmail.com
qadosaloadtestuser483,qadosaloadtestuser483@yopmail.com
qadosaloadtestuser484,qadosaloadtestuser484@yopmail.com
qadosaloadtestuser485,qadosaloadtestuser485@yopmail.com
qadosaloadtestuser486,qadosaloadtestuser486@yopmail.com
qadosaloadtestuser487,qadosaloadtestuser487@yopmail.com
qadosaloadtestuser488,qadosaloadtestuser488@yopmail.com
qadosaloadtestuser489,qadosaloadtestuser489@yopmail.com
qadosaloadtestuser490,qadosaloadtestuser490@yopmail.com
qadosaloadtestuser491,qadosaloadtestuser491@yopmail.com
qadosaloadtestuser492,qadosaloadtestuser492@yopmail.com
qadosaloadtestuser493,qadosaloadtestuser493@yopmail.com
qadosaloadtestuser494,qadosaloadtestuser494@yopmail.com
qadosaloadtestuser495,qadosaloadtestuser495@yopmail.com
qadosaloadtestuser496,qadosaloadtestuser496@yopmail.com
qadosaloadtestuser497,qadosaloadtestuser497@yopmail.com
qadosaloadtestuser498,qadosaloadtestuser498@yopmail.com
qadosaloadtestuser499,qadosaloadtestuser499@yopmail.com
qadosaloadtestuser500,qadosaloadtestuser500@yopmail.com
qadosaloadtestuser501,qadosaloadtestuser501@yopmail.com
qadosaloadtestuser502,qadosaloadtestuser502@yopmail.com
qadosaloadtestuser503,qadosaloadtestuser503@yopmail.com
qadosaloadtestuser504,qadosaloadtestuser504@yopmail.com
qadosaloadtestuser505,qadosaloadtestuser505@yopmail.com
qadosaloadtestuser506,qadosaloadtestuser506@yopmail.com
qadosaloadtestuser507,qadosaloadtestuser507@yopmail.com
qadosaloadtestuser508,qadosaloadtestuser508@yopmail.com
qadosaloadtestuser509,qadosaloadtestuser509@yopmail.com
qadosaloadtestuser510,qadosaloadtestuser510@yopmail.com
qadosaloadtestuser511,qadosaloadtestuser511@yopmail.com
qadosaloadtestuser512,qadosaloadtestuser512@yopmail.com
qadosaloadtestuser513,qadosaloadtestuser513@yopmail.com
qadosaloadtestuser514,qadosaloadtestuser514@yopmail.com
qadosaloadtestuser515,qadosaloadtestuser515@yopmail.com
qadosaloadtestuser516,qadosaloadtestuser516@yopmail.com
qadosaloadtestuser517,qadosaloadtestuser517@yopmail.com
qadosaloadtestuser518,qadosaloadtestuser518@yopmail.com
qadosaloadtestuser519,qadosaloadtestuser519@yopmail.com
qadosaloadtestuser520,qadosaloadtestuser520@yopmail.com
qadosaloadtestuser521,qadosaloadtestuser521@yopmail.com
qadosaloadtestuser522,qadosaloadtestuser522@yopmail.com
qadosaloadtestuser523,qadosaloadtestuser523@yopmail.com
qadosaloadtestuser524,qadosaloadtestuser524@yopmail.com
qadosaloadtestuser525,qadosaloadtestuser525@yopmail.com
qadosaloadtestuser526,qadosaloadtestuser526@yopmail.com
qadosaloadtestuser527,qadosaloadtestuser527@yopmail.com
qadosaloadtestuser528,qadosaloadtestuser528@yopmail.com
qadosaloadtestuser529,qadosaloadtestuser529@yopmail.com
qadosaloadtestuser530,qadosaloadtestuser530@yopmail.com
qadosaloadtestuser531,qadosaloadtestuser531@yopmail.com
qadosaloadtestuser532,qadosaloadtestuser532@yopmail.com
qadosaloadtestuser533,qadosaloadtestuser533@yopmail.com
qadosaloadtestuser534,qadosaloadtestuser534@yopmail.com
qadosaloadtestuser535,qadosaloadtestuser535@yopmail.com
qadosaloadtestuser536,qadosaloadtestuser536@yopmail.com
qadosaloadtestuser537,qadosaloadtestuser537@yopmail.com
qadosaloadtestuser538,qadosaloadtestuser538@yopmail.com
qadosaloadtestuser539,qadosaloadtestuser539@yopmail.com
qadosaloadtestuser540,qadosaloadtestuser540@yopmail.com
qadosaloadtestuser541,qadosaloadtestuser541@yopmail.com
qadosaloadtestuser542,qadosaloadtestuser542@yopmail.com
qadosaloadtestuser543,qadosaloadtestuser543@yopmail.com
qadosaloadtestuser544,qadosaloadtestuser544@yopmail.com
qadosaloadtestuser545,qadosaloadtestuser545@yopmail.com
qadosaloadtestuser546,qadosaloadtestuser546@yopmail.com
qadosaloadtestuser547,qadosaloadtestuser547@yopmail.com
qadosaloadtestuser548,qadosaloadtestuser548@yopmail.com
qadosaloadtestuser549,qadosaloadtestuser549@yopmail.com
qadosaloadtestuser550,qadosaloadtestuser550@yopmail.com
qadosaloadtestuser551,qadosaloadtestuser551@yopmail.com
qadosaloadtestuser552,qadosaloadtestuser552@yopmail.com
qadosaloadtestuser553,qadosaloadtestuser553@yopmail.com
qadosaloadtestuser554,qadosaloadtestuser554@yopmail.com
qadosaloadtestuser555,qadosaloadtestuser555@yopmail.com
qadosaloadtestuser556,qadosaloadtestuser556@yopmail.com
qadosaloadtestuser557,qadosaloadtestuser557@yopmail.com
qadosaloadtestuser558,qadosaloadtestuser558@yopmail.com
qadosaloadtestuser559,qadosaloadtestuser559@yopmail.com
qadosaloadtestuser560,qadosaloadtestuser560@yopmail.com
qadosaloadtestuser561,qadosaloadtestuser561@yopmail.com
qadosaloadtestuser562,qadosaloadtestuser562@yopmail.com
qadosaloadtestuser563,qadosaloadtestuser563@yopmail.com
qadosaloadtestuser564,qadosaloadtestuser564@yopmail.com
qadosaloadtestuser565,qadosaloadtestuser565@yopmail.com
qadosaloadtestuser566,qadosaloadtestuser566@yopmail.com
qadosaloadtestuser567,qadosaloadtestuser567@yopmail.com
qadosaloadtestuser568,qadosaloadtestuser568@yopmail.com
qadosaloadtestuser569,qadosaloadtestuser569@yopmail.com
qadosaloadtestuser570,qadosaloadtestuser570@yopmail.com
qadosaloadtestuser571,qadosaloadtestuser571@yopmail.com
qadosaloadtestuser572,qadosaloadtestuser572@yopmail.com
qadosaloadtestuser573,qadosaloadtestuser573@yopmail.com
qadosaloadtestuser574,qadosaloadtestuser574@yopmail.com
qadosaloadtestuser575,qadosaloadtestuser575@yopmail.com
qadosaloadtestuser576,qadosaloadtestuser576@yopmail.com
qadosaloadtestuser577,qadosaloadtestuser577@yopmail.com
qadosaloadtestuser578,qadosaloadtestuser578@yopmail.com
qadosaloadtestuser579,qadosaloadtestuser579@yopmail.com
qadosaloadtestuser580,qadosaloadtestuser580@yopmail.com
qadosaloadtestuser581,qadosaloadtestuser581@yopmail.com
qadosaloadtestuser582,qadosaloadtestuser582@yopmail.com
qadosaloadtestuser583,qadosaloadtestuser583@yopmail.com
qadosaloadtestuser584,qadosaloadtestuser584@yopmail.com
qadosaloadtestuser585,qadosaloadtestuser585@yopmail.com
qadosaloadtestuser586,qadosaloadtestuser586@yopmail.com
qadosaloadtestuser587,qadosaloadtestuser587@yopmail.com
qadosaloadtestuser588,qadosaloadtestuser588@yopmail.com
qadosaloadtestuser589,qadosaloadtestuser589@yopmail.com
qadosaloadtestuser590,qadosaloadtestuser590@yopmail.com
qadosaloadtestuser591,qadosaloadtestuser591@yopmail.com
qadosaloadtestuser592,qadosaloadtestuser592@yopmail.com
qadosaloadtestuser593,qadosaloadtestuser593@yopmail.com
qadosaloadtestuser594,qadosaloadtestuser594@yopmail.com
qadosaloadtestuser595,qadosaloadtestuser595@yopmail.com
qadosaloadtestuser596,qadosaloadtestuser596@yopmail.com
qadosaloadtestuser597,qadosaloadtestuser597@yopmail.com
qadosaloadtestuser598,qadosaloadtestuser598@yopmail.com
qadosaloadtestuser599,qadosaloadtestuser599@yopmail.com
qadosaloadtestuser600,qadosaloadtestuser600@yopmail.com
qadosaloadtestuser601,qadosaloadtestuser601@yopmail.com
qadosaloadtestuser602,qadosaloadtestuser602@yopmail.com
qadosaloadtestuser603,qadosaloadtestuser603@yopmail.com
qadosaloadtestuser604,qadosaloadtestuser604@yopmail.com
qadosaloadtestuser605,qadosaloadtestuser605@yopmail.com
qadosaloadtestuser606,qadosaloadtestuser606@yopmail.com
qadosaloadtestuser607,qadosaloadtestuser607@yopmail.com
qadosaloadtestuser608,qadosaloadtestuser608@yopmail.com
qadosaloadtestuser609,qadosaloadtestuser609@yopmail.com
qadosaloadtestuser610,qadosaloadtestuser610@yopmail.com
qadosaloadtestuser611,qadosaloadtestuser611@yopmail.com
qadosaloadtestuser612,qadosaloadtestuser612@yopmail.com
qadosaloadtestuser613,qadosaloadtestuser613@yopmail.com
qadosaloadtestuser614,qadosaloadtestuser614@yopmail.com
qadosaloadtestuser615,qadosaloadtestuser615@yopmail.com
qadosaloadtestuser616,qadosaloadtestuser616@yopmail.com
qadosaloadtestuser617,qadosaloadtestuser617@yopmail.com
qadosaloadtestuser618,qadosaloadtestuser618@yopmail.com
qadosaloadtestuser619,qadosaloadtestuser619@yopmail.com
qadosaloadtestuser620,qadosaloadtestuser620@yopmail.com
qadosaloadtestuser621,qadosaloadtestuser621@yopmail.com
qadosaloadtestuser622,qadosaloadtestuser622@yopmail.com
qadosaloadtestuser623,qadosaloadtestuser623@yopmail.com
qadosaloadtestuser624,qadosaloadtestuser624@yopmail.com
qadosaloadtestuser625,qadosaloadtestuser625@yopmail.com
qadosaloadtestuser626,qadosaloadtestuser626@yopmail.com
qadosaloadtestuser627,qadosaloadtestuser627@yopmail.com
qadosaloadtestuser628,qadosaloadtestuser628@yopmail.com
qadosaloadtestuser629,qadosaloadtestuser629@yopmail.com
qadosaloadtestuser630,qadosaloadtestuser630@yopmail.com
qadosaloadtestuser631,qadosaloadtestuser631@yopmail.com
qadosaloadtestuser632,qadosaloadtestuser632@yopmail.com
qadosaloadtestuser633,qadosaloadtestuser633@yopmail.com
qadosaloadtestuser634,qadosaloadtestuser634@yopmail.com
qadosaloadtestuser635,qadosaloadtestuser635@yopmail.com
qadosaloadtestuser636,qadosaloadtestuser636@yopmail.com
qadosaloadtestuser637,qadosaloadtestuser637@yopmail.com
qadosaloadtestuser638,qadosaloadtestuser638@yopmail.com
qadosaloadtestuser639,qadosaloadtestuser639@yopmail.com
qadosaloadtestuser640,qadosaloadtestuser640@yopmail.com
qadosaloadtestuser641,qadosaloadtestuser641@yopmail.com
qadosaloadtestuser642,qadosaloadtestuser642@yopmail.com
qadosaloadtestuser643,qadosaloadtestuser643@yopmail.com
qadosaloadtestuser644,qadosaloadtestuser644@yopmail.com
qadosaloadtestuser645,qadosaloadtestuser645@yopmail.com
qadosaloadtestuser646,qadosaloadtestuser646@yopmail.com
qadosaloadtestuser647,qadosaloadtestuser647@yopmail.com
qadosaloadtestuser648,qadosaloadtestuser648@yopmail.com
qadosaloadtestuser649,qadosaloadtestuser649@yopmail.com
qadosaloadtestuser650,qadosaloadtestuser650@yopmail.com
qadosaloadtestuser651,qadosaloadtestuser651@yopmail.com
qadosaloadtestuser652,qadosaloadtestuser652@yopmail.com
qadosaloadtestuser653,qadosaloadtestuser653@yopmail.com
qadosaloadtestuser654,qadosaloadtestuser654@yopmail.com
qadosaloadtestuser655,qadosaloadtestuser655@yopmail.com
qadosaloadtestuser656,qadosaloadtestuser656@yopmail.com
qadosaloadtestuser657,qadosaloadtestuser657@yopmail.com
qadosaloadtestuser658,qadosaloadtestuser658@yopmail.com
qadosaloadtestuser659,qadosaloadtestuser659@yopmail.com
qadosaloadtestuser660,qadosaloadtestuser660@yopmail.com
qadosaloadtestuser661,qadosaloadtestuser661@yopmail.com
qadosaloadtestuser662,qadosaloadtestuser662@yopmail.com
qadosaloadtestuser663,qadosaloadtestuser663@yopmail.com
qadosaloadtestuser664,qadosaloadtestuser664@yopmail.com
qadosaloadtestuser665,qadosaloadtestuser665@yopmail.com
qadosaloadtestuser666,qadosaloadtestuser666@yopmail.com
qadosaloadtestuser667,qadosaloadtestuser667@yopmail.com
qadosaloadtestuser668,qadosaloadtestuser668@yopmail.com
qadosaloadtestuser669,qadosaloadtestuser669@yopmail.com
qadosaloadtestuser670,qadosaloadtestuser670@yopmail.com
qadosaloadtestuser671,qadosaloadtestuser671@yopmail.com
qadosaloadtestuser672,qadosaloadtestuser672@yopmail.com
qadosaloadtestuser673,qadosaloadtestuser673@yopmail.com
qadosaloadtestuser674,qadosaloadtestuser674@yopmail.com
qadosaloadtestuser675,qadosaloadtestuser675@yopmail.com
qadosaloadtestuser676,qadosaloadtestuser676@yopmail.com
qadosaloadtestuser677,qadosaloadtestuser677@yopmail.com
qadosaloadtestuser678,qadosaloadtestuser678@yopmail.com
qadosaloadtestuser679,qadosaloadtestuser679@yopmail.com
qadosaloadtestuser680,qadosaloadtestuser680@yopmail.com
qadosaloadtestuser681,qadosaloadtestuser681@yopmail.com
qadosaloadtestuser682,qadosaloadtestuser682@yopmail.com
qadosaloadtestuser683,qadosaloadtestuser683@yopmail.com
qadosaloadtestuser684,qadosaloadtestuser684@yopmail.com
qadosaloadtestuser685,qadosaloadtestuser685@yopmail.com
qadosaloadtestuser686,qadosaloadtestuser686@yopmail.com
qadosaloadtestuser687,qadosaloadtestuser687@yopmail.com
qadosaloadtestuser688,qadosaloadtestuser688@yopmail.com
qadosaloadtestuser689,qadosaloadtestuser689@yopmail.com
qadosaloadtestuser690,qadosaloadtestuser690@yopmail.com
qadosaloadtestuser691,qadosaloadtestuser691@yopmail.com
qadosaloadtestuser692,qadosaloadtestuser692@yopmail.com
qadosaloadtestuser693,qadosaloadtestuser693@yopmail.com
qadosaloadtestuser694,qadosaloadtestuser694@yopmail.com
qadosaloadtestuser695,qadosaloadtestuser695@yopmail.com
qadosaloadtestuser696,qadosaloadtestuser696@yopmail.com
qadosaloadtestuser697,qadosaloadtestuser697@yopmail.com
qadosaloadtestuser698,qadosaloadtestuser698@yopmail.com
qadosaloadtestuser699,qadosaloadtestuser699@yopmail.com
qadosaloadtestuser700,qadosaloadtestuser700@yopmail.com
qadosaloadtestuser701,qadosaloadtestuser701@yopmail.com
qadosaloadtestuser702,qadosaloadtestuser702@yopmail.com
qadosaloadtestuser703,qadosaloadtestuser703@yopmail.com
qadosaloadtestuser704,qadosaloadtestuser704@yopmail.com
qadosaloadtestuser705,qadosaloadtestuser705@yopmail.com
qadosaloadtestuser706,qadosaloadtestuser706@yopmail.com
qadosaloadtestuser707,qadosaloadtestuser707@yopmail.com
qadosaloadtestuser708,qadosaloadtestuser708@yopmail.com
qadosaloadtestuser709,qadosaloadtestuser709@yopmail.com
qadosaloadtestuser710,qadosaloadtestuser710@yopmail.com
qadosaloadtestuser711,qadosaloadtestuser711@yopmail.com
qadosaloadtestuser712,qadosaloadtestuser712@yopmail.com
qadosaloadtestuser713,qadosaloadtestuser713@yopmail.com
qadosaloadtestuser714,qadosaloadtestuser714@yopmail.com
qadosaloadtestuser715,qadosaloadtestuser715@yopmail.com
qadosaloadtestuser716,qadosaloadtestuser716@yopmail.com
qadosaloadtestuser717,qadosaloadtestuser717@yopmail.com
qadosaloadtestuser718,qadosaloadtestuser718@yopmail.com
qadosaloadtestuser719,qadosaloadtestuser719@yopmail.com
qadosaloadtestuser720,qadosaloadtestuser720@yopmail.com
qadosaloadtestuser721,qadosaloadtestuser721@yopmail.com
qadosaloadtestuser722,qadosaloadtestuser722@yopmail.com
qadosaloadtestuser723,qadosaloadtestuser723@yopmail.com
qadosaloadtestuser724,qadosaloadtestuser724@yopmail.com
qadosaloadtestuser725,qadosaloadtestuser725@yopmail.com
qadosaloadtestuser726,qadosaloadtestuser726@yopmail.com
qadosaloadtestuser727,qadosaloadtestuser727@yopmail.com
qadosaloadtestuser728,qadosaloadtestuser728@yopmail.com
qadosaloadtestuser729,qadosaloadtestuser729@yopmail.com
qadosaloadtestuser730,qadosaloadtestuser730@yopmail.com
qadosaloadtestuser731,qadosaloadtestuser731@yopmail.com
qadosaloadtestuser732,qadosaloadtestuser732@yopmail.com
qadosaloadtestuser733,qadosaloadtestuser733@yopmail.com
qadosaloadtestuser734,qadosaloadtestuser734@yopmail.com
qadosaloadtestuser735,qadosaloadtestuser735@yopmail.com
qadosaloadtestuser736,qadosaloadtestuser736@yopmail.com
qadosaloadtestuser737,qadosaloadtestuser737@yopmail.com
qadosaloadtestuser738,qadosaloadtestuser738@yopmail.com
qadosaloadtestuser739,qadosaloadtestuser739@yopmail.com
qadosaloadtestuser740,qadosaloadtestuser740@yopmail.com
qadosaloadtestuser741,qadosaloadtestuser741@yopmail.com
qadosaloadtestuser742,qadosaloadtestuser742@yopmail.com
qadosaloadtestuser743,qadosaloadtestuser743@yopmail.com
qadosaloadtestuser744,qadosaloadtestuser744@yopmail.com
qadosaloadtestuser745,qadosaloadtestuser745@yopmail.com
qadosaloadtestuser746,qadosaloadtestuser746@yopmail.com
qadosaloadtestuser747,qadosaloadtestuser747@yopmail.com
qadosaloadtestuser748,qadosaloadtestuser748@yopmail.com
qadosaloadtestuser749,qadosaloadtestuser749@yopmail.com
qadosaloadtestuser750,qadosaloadtestuser750@yopmail.com
qadosaloadtestuser751,qadosaloadtestuser751@yopmail.com
qadosaloadtestuser752,qadosaloadtestuser752@yopmail.com
qadosaloadtestuser753,qadosaloadtestuser753@yopmail.com
qadosaloadtestuser754,qadosaloadtestuser754@yopmail.com
qadosaloadtestuser755,qadosaloadtestuser755@yopmail.com
qadosaloadtestuser756,qadosaloadtestuser756@yopmail.com
qadosaloadtestuser757,qadosaloadtestuser757@yopmail.com
qadosaloadtestuser758,qadosaloadtestuser758@yopmail.com
qadosaloadtestuser759,qadosaloadtestuser759@yopmail.com
qadosaloadtestuser760,qadosaloadtestuser760@yopmail.com
qadosaloadtestuser761,qadosaloadtestuser761@yopmail.com
qadosaloadtestuser762,qadosaloadtestuser762@yopmail.com
qadosaloadtestuser763,qadosaloadtestuser763@yopmail.com
qadosaloadtestuser764,qadosaloadtestuser764@yopmail.com
qadosaloadtestuser765,qadosaloadtestuser765@yopmail.com
qadosaloadtestuser766,qadosaloadtestuser766@yopmail.com
qadosaloadtestuser767,qadosaloadtestuser767@yopmail.com
qadosaloadtestuser768,qadosaloadtestuser768@yopmail.com
qadosaloadtestuser769,qadosaloadtestuser769@yopmail.com
qadosaloadtestuser770,qadosaloadtestuser770@yopmail.com
qadosaloadtestuser771,qadosaloadtestuser771@yopmail.com
qadosaloadtestuser772,qadosaloadtestuser772@yopmail.com
qadosaloadtestuser773,qadosaloadtestuser773@yopmail.com
qadosaloadtestuser774,qadosaloadtestuser774@yopmail.com
qadosaloadtestuser775,qadosaloadtestuser775@yopmail.com
qadosaloadtestuser776,qadosaloadtestuser776@yopmail.com
qadosaloadtestuser777,qadosaloadtestuser777@yopmail.com
qadosaloadtestuser778,qadosaloadtestuser778@yopmail.com
qadosaloadtestuser779,qadosaloadtestuser779@yopmail.com
qadosaloadtestuser780,qadosaloadtestuser780@yopmail.com
qadosaloadtestuser781,qadosaloadtestuser781@yopmail.com
qadosaloadtestuser782,qadosaloadtestuser782@yopmail.com
qadosaloadtestuser783,qadosaloadtestuser783@yopmail.com
qadosaloadtestuser784,qadosaloadtestuser784@yopmail.com
qadosaloadtestuser785,qadosaloadtestuser785@yopmail.com
qadosaloadtestuser786,qadosaloadtestuser786@yopmail.com
qadosaloadtestuser787,qadosaloadtestuser787@yopmail.com
qadosaloadtestuser788,qadosaloadtestuser788@yopmail.com
qadosaloadtestuser789,qadosaloadtestuser789@yopmail.com
qadosaloadtestuser790,qadosaloadtestuser790@yopmail.com
qadosaloadtestuser791,qadosaloadtestuser791@yopmail.com
qadosaloadtestuser792,qadosaloadtestuser792@yopmail.com
qadosaloadtestuser793,qadosaloadtestuser793@yopmail.com
qadosaloadtestuser794,qadosaloadtestuser794@yopmail.com
qadosaloadtestuser795,qadosaloadtestuser795@yopmail.com
qadosaloadtestuser796,qadosaloadtestuser796@yopmail.com
qadosaloadtestuser797,qadosaloadtestuser797@yopmail.com
qadosaloadtestuser798,qadosaloadtestuser798@yopmail.com
qadosaloadtestuser799,qadosaloadtestuser799@yopmail.com
qadosaloadtestuser800,qadosaloadtestuser800@yopmail.com
qadosaloadtestuser801,qadosaloadtestuser801@yopmail.com
qadosaloadtestuser802,qadosaloadtestuser802@yopmail.com
qadosaloadtestuser803,qadosaloadtestuser803@yopmail.com
qadosaloadtestuser804,qadosaloadtestuser804@yopmail.com
qadosaloadtestuser805,qadosaloadtestuser805@yopmail.com
qadosaloadtestuser806,qadosaloadtestuser806@yopmail.com
qadosaloadtestuser807,qadosaloadtestuser807@yopmail.com
qadosaloadtestuser808,qadosaloadtestuser808@yopmail.com
qadosaloadtestuser809,qadosaloadtestuser809@yopmail.com
qadosaloadtestuser810,qadosaloadtestuser810@yopmail.com
qadosaloadtestuser811,qadosaloadtestuser811@yopmail.com
qadosaloadtestuser812,qadosaloadtestuser812@yopmail.com
qadosaloadtestuser813,qadosaloadtestuser813@yopmail.com
qadosaloadtestuser814,qadosaloadtestuser814@yopmail.com
qadosaloadtestuser815,qadosaloadtestuser815@yopmail.com
qadosaloadtestuser816,qadosaloadtestuser816@yopmail.com
qadosaloadtestuser817,qadosaloadtestuser817@yopmail.com
qadosaloadtestuser818,qadosaloadtestuser818@yopmail.com
qadosaloadtestuser819,qadosaloadtestuser819@yopmail.com
qadosaloadtestuser820,qadosaloadtestuser820@yopmail.com
qadosaloadtestuser821,qadosaloadtestuser821@yopmail.com
qadosaloadtestuser822,qadosaloadtestuser822@yopmail.com
qadosaloadtestuser823,qadosaloadtestuser823@yopmail.com
qadosaloadtestuser824,qadosaloadtestuser824@yopmail.com
qadosaloadtestuser825,qadosaloadtestuser825@yopmail.com
qadosaloadtestuser826,qadosaloadtestuser826@yopmail.com
qadosaloadtestuser827,qadosaloadtestuser827@yopmail.com
qadosaloadtestuser828,qadosaloadtestuser828@yopmail.com
qadosaloadtestuser829,qadosaloadtestuser829@yopmail.com
qadosaloadtestuser830,qadosaloadtestuser830@yopmail.com
qadosaloadtestuser831,qadosaloadtestuser831@yopmail.com
qadosaloadtestuser832,qadosaloadtestuser832@yopmail.com
qadosaloadtestuser833,qadosaloadtestuser833@yopmail.com
qadosaloadtestuser834,qadosaloadtestuser834@yopmail.com
qadosaloadtestuser835,qadosaloadtestuser835@yopmail.com
qadosaloadtestuser836,qadosaloadtestuser836@yopmail.com
qadosaloadtestuser837,qadosaloadtestuser837@yopmail.com
qadosaloadtestuser838,qadosaloadtestuser838@yopmail.com
qadosaloadtestuser839,qadosaloadtestuser839@yopmail.com
qadosaloadtestuser840,qadosaloadtestuser840@yopmail.com
qadosaloadtestuser841,qadosaloadtestuser841@yopmail.com
qadosaloadtestuser842,qadosaloadtestuser842@yopmail.com
qadosaloadtestuser843,qadosaloadtestuser843@yopmail.com
qadosaloadtestuser844,qadosaloadtestuser844@yopmail.com
qadosaloadtestuser845,qadosaloadtestuser845@yopmail.com
qadosaloadtestuser846,qadosaloadtestuser846@yopmail.com
qadosaloadtestuser847,qadosaloadtestuser847@yopmail.com
qadosaloadtestuser848,qadosaloadtestuser848@yopmail.com
qadosaloadtestuser849,qadosaloadtestuser849@yopmail.com
qadosaloadtestuser850,qadosaloadtestuser850@yopmail.com
qadosaloadtestuser851,qadosaloadtestuser851@yopmail.com
qadosaloadtestuser852,qadosaloadtestuser852@yopmail.com
qadosaloadtestuser853,qadosaloadtestuser853@yopmail.com
qadosaloadtestuser854,qadosaloadtestuser854@yopmail.com
qadosaloadtestuser855,qadosaloadtestuser855@yopmail.com
qadosaloadtestuser856,qadosaloadtestuser856@yopmail.com
qadosaloadtestuser857,qadosaloadtestuser857@yopmail.com
qadosaloadtestuser858,qadosaloadtestuser858@yopmail.com
qadosaloadtestuser859,qadosaloadtestuser859@yopmail.com
qadosaloadtestuser860,qadosaloadtestuser860@yopmail.com
qadosaloadtestuser861,qadosaloadtestuser861@yopmail.com
qadosaloadtestuser862,qadosaloadtestuser862@yopmail.com
qadosaloadtestuser863,qadosaloadtestuser863@yopmail.com
qadosaloadtestuser864,qadosaloadtestuser864@yopmail.com
qadosaloadtestuser865,qadosaloadtestuser865@yopmail.com
qadosaloadtestuser866,qadosaloadtestuser866@yopmail.com
qadosaloadtestuser867,qadosaloadtestuser867@yopmail.com
qadosaloadtestuser868,qadosaloadtestuser868@yopmail.com
qadosaloadtestuser869,qadosaloadtestuser869@yopmail.com
qadosaloadtestuser870,qadosaloadtestuser870@yopmail.com
qadosaloadtestuser871,qadosaloadtestuser871@yopmail.com
qadosaloadtestuser872,qadosaloadtestuser872@yopmail.com
qadosaloadtestuser873,qadosaloadtestuser873@yopmail.com
qadosaloadtestuser874,qadosaloadtestuser874@yopmail.com
qadosaloadtestuser875,qadosaloadtestuser875@yopmail.com
qadosaloadtestuser876,qadosaloadtestuser876@yopmail.com
qadosaloadtestuser877,qadosaloadtestuser877@yopmail.com
qadosaloadtestuser878,qadosaloadtestuser878@yopmail.com
qadosaloadtestuser879,qadosaloadtestuser879@yopmail.com
qadosaloadtestuser880,qadosaloadtestuser880@yopmail.com
qadosaloadtestuser881,qadosaloadtestuser881@yopmail.com
qadosaloadtestuser882,qadosaloadtestuser882@yopmail.com
qadosaloadtestuser883,qadosaloadtestuser883@yopmail.com
qadosaloadtestuser884,qadosaloadtestuser884@yopmail.com
qadosaloadtestuser885,qadosaloadtestuser885@yopmail.com
qadosaloadtestuser886,qadosaloadtestuser886@yopmail.com
qadosaloadtestuser887,qadosaloadtestuser887@yopmail.com
qadosaloadtestuser888,qadosaloadtestuser888@yopmail.com
qadosaloadtestuser889,qadosaloadtestuser889@yopmail.com
qadosaloadtestuser890,qadosaloadtestuser890@yopmail.com
qadosaloadtestuser891,qadosaloadtestuser891@yopmail.com
qadosaloadtestuser892,qadosaloadtestuser892@yopmail.com
qadosaloadtestuser893,qadosaloadtestuser893@yopmail.com
qadosaloadtestuser894,qadosaloadtestuser894@yopmail.com
qadosaloadtestuser895,qadosaloadtestuser895@yopmail.com
qadosaloadtestuser896,qadosaloadtestuser896@yopmail.com
qadosaloadtestuser897,qadosaloadtestuser897@yopmail.com
qadosaloadtestuser898,qadosaloadtestuser898@yopmail.com
qadosaloadtestuser899,qadosaloadtestuser899@yopmail.com
qadosaloadtestuser900,qadosaloadtestuser900@yopmail.com
qadosaloadtestuser901,qadosaloadtestuser901@yopmail.com
qadosaloadtestuser902,qadosaloadtestuser902@yopmail.com
qadosaloadtestuser903,qadosaloadtestuser903@yopmail.com
qadosaloadtestuser904,qadosaloadtestuser904@yopmail.com
qadosaloadtestuser905,qadosaloadtestuser905@yopmail.com
qadosaloadtestuser906,qadosaloadtestuser906@yopmail.com
qadosaloadtestuser907,qadosaloadtestuser907@yopmail.com
qadosaloadtestuser908,qadosaloadtestuser908@yopmail.com
qadosaloadtestuser909,qadosaloadtestuser909@yopmail.com
qadosaloadtestuser910,qadosaloadtestuser910@yopmail.com
qadosaloadtestuser911,qadosaloadtestuser911@yopmail.com
qadosaloadtestuser912,qadosaloadtestuser912@yopmail.com
qadosaloadtestuser913,qadosaloadtestuser913@yopmail.com
qadosaloadtestuser914,qadosaloadtestuser914@yopmail.com
qadosaloadtestuser915,qadosaloadtestuser915@yopmail.com
qadosaloadtestuser916,qadosaloadtestuser916@yopmail.com
qadosaloadtestuser917,qadosaloadtestuser917@yopmail.com
qadosaloadtestuser918,qadosaloadtestuser918@yopmail.com
qadosaloadtestuser919,qadosaloadtestuser919@yopmail.com
qadosaloadtestuser920,qadosaloadtestuser920@yopmail.com
qadosaloadtestuser921,qadosaloadtestuser921@yopmail.com
qadosaloadtestuser922,qadosaloadtestuser922@yopmail.com
qadosaloadtestuser923,qadosaloadtestuser923@yopmail.com
qadosaloadtestuser924,qadosaloadtestuser924@yopmail.com
qadosaloadtestuser925,qadosaloadtestuser925@yopmail.com
qadosaloadtestuser926,qadosaloadtestuser926@yopmail.com
qadosaloadtestuser927,qadosaloadtestuser927@yopmail.com
qadosaloadtestuser928,qadosaloadtestuser928@yopmail.com
qadosaloadtestuser929,qadosaloadtestuser929@yopmail.com
qadosaloadtestuser930,qadosaloadtestuser930@yopmail.com
qadosaloadtestuser931,qadosaloadtestuser931@yopmail.com
qadosaloadtestuser932,qadosaloadtestuser932@yopmail.com
qadosaloadtestuser933,qadosaloadtestuser933@yopmail.com
qadosaloadtestuser934,qadosaloadtestuser934@yopmail.com
qadosaloadtestuser935,qadosaloadtestuser935@yopmail.com
qadosaloadtestuser936,qadosaloadtestuser936@yopmail.com
qadosaloadtestuser937,qadosaloadtestuser937@yopmail.com
qadosaloadtestuser938,qadosaloadtestuser938@yopmail.com
qadosaloadtestuser939,qadosaloadtestuser939@yopmail.com
qadosaloadtestuser940,qadosaloadtestuser940@yopmail.com
qadosaloadtestuser941,qadosaloadtestuser941@yopmail.com
qadosaloadtestuser942,qadosaloadtestuser942@yopmail.com
qadosaloadtestuser943,qadosaloadtestuser943@yopmail.com
qadosaloadtestuser944,qadosaloadtestuser944@yopmail.com
qadosaloadtestuser945,qadosaloadtestuser945@yopmail.com
qadosaloadtestuser946,qadosaloadtestuser946@yopmail.com
qadosaloadtestuser947,qadosaloadtestuser947@yopmail.com
qadosaloadtestuser948,qadosaloadtestuser948@yopmail.com
qadosaloadtestuser949,qadosaloadtestuser949@yopmail.com
qadosaloadtestuser950,qadosaloadtestuser950@yopmail.com
qadosaloadtestuser951,qadosaloadtestuser951@yopmail.com
qadosaloadtestuser952,qadosaloadtestuser952@yopmail.com
qadosaloadtestuser953,qadosaloadtestuser953@yopmail.com
qadosaloadtestuser954,qadosaloadtestuser954@yopmail.com
qadosaloadtestuser955,qadosaloadtestuser955@yopmail.com
qadosaloadtestuser956,qadosaloadtestuser956@yopmail.com
qadosaloadtestuser957,qadosaloadtestuser957@yopmail.com
qadosaloadtestuser958,qadosaloadtestuser958@yopmail.com
qadosaloadtestuser959,qadosaloadtestuser959@yopmail.com
qadosaloadtestuser960,qadosaloadtestuser960@yopmail.com
qadosaloadtestuser961,qadosaloadtestuser961@yopmail.com
qadosaloadtestuser962,qadosaloadtestuser962@yopmail.com
qadosaloadtestuser963,qadosaloadtestuser963@yopmail.com
qadosaloadtestuser964,qadosaloadtestuser964@yopmail.com
qadosaloadtestuser965,qadosaloadtestuser965@yopmail.com
qadosaloadtestuser966,qadosaloadtestuser966@yopmail.com
qadosaloadtestuser967,qadosaloadtestuser967@yopmail.com
qadosaloadtestuser968,qadosaloadtestuser968@yopmail.com
qadosaloadtestuser969,qadosaloadtestuser969@yopmail.com
qadosaloadtestuser970,qadosaloadtestuser970@yopmail.com
qadosaloadtestuser971,qadosaloadtestuser971@yopmail.com
qadosaloadtestuser972,qadosaloadtestuser972@yopmail.com
qadosaloadtestuser973,qadosaloadtestuser973@yopmail.com
qadosaloadtestuser974,qadosaloadtestuser974@yopmail.com
qadosaloadtestuser975,qadosaloadtestuser975@yopmail.com
qadosaloadtestuser976,qadosaloadtestuser976@yopmail.com
qadosaloadtestuser977,qadosaloadtestuser977@yopmail.com
qadosaloadtestuser978,qadosaloadtestuser978@yopmail.com
qadosaloadtestuser979,qadosaloadtestuser979@yopmail.com
qadosaloadtestuser980,qadosaloadtestuser980@yopmail.com
qadosaloadtestuser981,qadosaloadtestuser981@yopmail.com
qadosaloadtestuser982,qadosaloadtestuser982@yopmail.com
qadosaloadtestuser983,qadosaloadtestuser983@yopmail.com
qadosaloadtestuser984,qadosaloadtestuser984@yopmail.com
qadosaloadtestuser985,qadosaloadtestuser985@yopmail.com
qadosaloadtestuser986,qadosaloadtestuser986@yopmail.com
qadosaloadtestuser987,qadosaloadtestuser987@yopmail.com
qadosaloadtestuser988,qadosaloadtestuser988@yopmail.com
qadosaloadtestuser989,qadosaloadtestuser989@yopmail.com
qadosaloadtestuser990,qadosaloadtestuser990@yopmail.com
qadosaloadtestuser991,qadosaloadtestuser991@yopmail.com
qadosaloadtestuser992,qadosaloadtestuser992@yopmail.com
qadosaloadtestuser993,qadosaloadtestuser993@yopmail.com
qadosaloadtestuser994,qadosaloadtestuser994@yopmail.com
qadosaloadtestuser995,qadosaloadtestuser995@yopmail.com
qadosaloadtestuser996,qadosaloadtestuser996@yopmail.com
qadosaloadtestuser997,qadosaloadtestuser997@yopmail.com
qadosaloadtestuser998,qadosaloadtestuser998@yopmail.com
qadosaloadtestuser999,qadosaloadtestuser999@yopmail.com
qadosaloadtestuser1000,qadosaloadtestuser1000@yopmail.com
qadosaloadtestuser1001,qadosaloadtestuser1001@yopmail.com
qadosaloadtestuser1002,qadosaloadtestuser1002@yopmail.com
qadosaloadtestuser1003,qadosaloadtestuser1003@yopmail.com
qadosaloadtestuser1004,qadosaloadtestuser1004@yopmail.com
qadosaloadtestuser1005,qadosaloadtestuser1005@yopmail.com
qadosaloadtestuser1006,qadosaloadtestuser1006@yopmail.com
qadosaloadtestuser1007,qadosaloadtestuser1007@yopmail.com
qadosaloadtestuser1008,qadosaloadtestuser1008@yopmail.com
qadosaloadtestuser1009,qadosaloadtestuser1009@yopmail.com
qadosaloadtestuser1010,qadosaloadtestuser1010@yopmail.com
qadosaloadtestuser1011,qadosaloadtestuser1011@yopmail.com
qadosaloadtestuser1012,qadosaloadtestuser1012@yopmail.com
qadosaloadtestuser1013,qadosaloadtestuser1013@yopmail.com
qadosaloadtestuser1014,qadosaloadtestuser1014@yopmail.com
qadosaloadtestuser1015,qadosaloadtestuser1015@yopmail.com
qadosaloadtestuser1016,qadosaloadtestuser1016@yopmail.com
qadosaloadtestuser1017,qadosaloadtestuser1017@yopmail.com
qadosaloadtestuser1018,qadosaloadtestuser1018@yopmail.com
qadosaloadtestuser1019,qadosaloadtestuser1019@yopmail.com
qadosaloadtestuser1020,qadosaloadtestuser1020@yopmail.com
qadosaloadtestuser1021,qadosaloadtestuser1021@yopmail.com
qadosaloadtestuser1022,qadosaloadtestuser1022@yopmail.com
qadosaloadtestuser1023,qadosaloadtestuser1023@yopmail.com
qadosaloadtestuser1024,qadosaloadtestuser1024@yopmail.com
qadosaloadtestuser1025,qadosaloadtestuser1025@yopmail.com
qadosaloadtestuser1026,qadosaloadtestuser1026@yopmail.com
qadosaloadtestuser1027,qadosaloadtestuser1027@yopmail.com
qadosaloadtestuser1028,qadosaloadtestuser1028@yopmail.com
qadosaloadtestuser1029,qadosaloadtestuser1029@yopmail.com
qadosaloadtestuser1030,qadosaloadtestuser1030@yopmail.com
qadosaloadtestuser1031,qadosaloadtestuser1031@yopmail.com
qadosaloadtestuser1032,qadosaloadtestuser1032@yopmail.com
qadosaloadtestuser1033,qadosaloadtestuser1033@yopmail.com
qadosaloadtestuser1034,qadosaloadtestuser1034@yopmail.com
qadosaloadtestuser1035,qadosaloadtestuser1035@yopmail.com
qadosaloadtestuser1036,qadosaloadtestuser1036@yopmail.com
qadosaloadtestuser1037,qadosaloadtestuser1037@yopmail.com
qadosaloadtestuser1038,qadosaloadtestuser1038@yopmail.com
qadosaloadtestuser1039,qadosaloadtestuser1039@yopmail.com
qadosaloadtestuser1040,qadosaloadtestuser1040@yopmail.com
qadosaloadtestuser1041,qadosaloadtestuser1041@yopmail.com
qadosaloadtestuser1042,qadosaloadtestuser1042@yopmail.com
qadosaloadtestuser1043,qadosaloadtestuser1043@yopmail.com
qadosaloadtestuser1044,qadosaloadtestuser1044@yopmail.com
qadosaloadtestuser1045,qadosaloadtestuser1045@yopmail.com
qadosaloadtestuser1046,qadosaloadtestuser1046@yopmail.com
qadosaloadtestuser1047,qadosaloadtestuser1047@yopmail.com
qadosaloadtestuser1048,qadosaloadtestuser1048@yopmail.com
qadosaloadtestuser1049,qadosaloadtestuser1049@yopmail.com
qadosaloadtestuser1050,qadosaloadtestuser1050@yopmail.com
qadosaloadtestuser1051,qadosaloadtestuser1051@yopmail.com
qadosaloadtestuser1052,qadosaloadtestuser1052@yopmail.com
qadosaloadtestuser1053,qadosaloadtestuser1053@yopmail.com
qadosaloadtestuser1054,qadosaloadtestuser1054@yopmail.com
qadosaloadtestuser1055,qadosaloadtestuser1055@yopmail.com
qadosaloadtestuser1056,qadosaloadtestuser1056@yopmail.com
qadosaloadtestuser1057,qadosaloadtestuser1057@yopmail.com
qadosaloadtestuser1058,qadosaloadtestuser1058@yopmail.com
qadosaloadtestuser1059,qadosaloadtestuser1059@yopmail.com
qadosaloadtestuser1060,qadosaloadtestuser1060@yopmail.com
qadosaloadtestuser1061,qadosaloadtestuser1061@yopmail.com
qadosaloadtestuser1062,qadosaloadtestuser1062@yopmail.com
qadosaloadtestuser1063,qadosaloadtestuser1063@yopmail.com
qadosaloadtestuser1064,qadosaloadtestuser1064@yopmail.com
qadosaloadtestuser1065,qadosaloadtestuser1065@yopmail.com
qadosaloadtestuser1066,qadosaloadtestuser1066@yopmail.com
qadosaloadtestuser1067,qadosaloadtestuser1067@yopmail.com
qadosaloadtestuser1068,qadosaloadtestuser1068@yopmail.com
qadosaloadtestuser1069,qadosaloadtestuser1069@yopmail.com
qadosaloadtestuser1070,qadosaloadtestuser1070@yopmail.com
qadosaloadtestuser1071,qadosaloadtestuser1071@yopmail.com
qadosaloadtestuser1072,qadosaloadtestuser1072@yopmail.com
qadosaloadtestuser1073,qadosaloadtestuser1073@yopmail.com
qadosaloadtestuser1074,qadosaloadtestuser1074@yopmail.com
qadosaloadtestuser1075,qadosaloadtestuser1075@yopmail.com
qadosaloadtestuser1076,qadosaloadtestuser1076@yopmail.com
qadosaloadtestuser1077,qadosaloadtestuser1077@yopmail.com
qadosaloadtestuser1078,qadosaloadtestuser1078@yopmail.com
qadosaloadtestuser1079,qadosaloadtestuser1079@yopmail.com
qadosaloadtestuser1080,qadosaloadtestuser1080@yopmail.com
qadosaloadtestuser1081,qadosaloadtestuser1081@yopmail.com
qadosaloadtestuser1082,qadosaloadtestuser1082@yopmail.com
qadosaloadtestuser1083,qadosaloadtestuser1083@yopmail.com
qadosaloadtestuser1084,qadosaloadtestuser1084@yopmail.com
qadosaloadtestuser1085,qadosaloadtestuser1085@yopmail.com
qadosaloadtestuser1086,qadosaloadtestuser1086@yopmail.com
qadosaloadtestuser1087,qadosaloadtestuser1087@yopmail.com
qadosaloadtestuser1088,qadosaloadtestuser1088@yopmail.com
qadosaloadtestuser1089,qadosaloadtestuser1089@yopmail.com
qadosaloadtestuser1090,qadosaloadtestuser1090@yopmail.com
qadosaloadtestuser1091,qadosaloadtestuser1091@yopmail.com
qadosaloadtestuser1092,qadosaloadtestuser1092@yopmail.com
qadosaloadtestuser1093,qadosaloadtestuser1093@yopmail.com
qadosaloadtestuser1094,qadosaloadtestuser1094@yopmail.com
qadosaloadtestuser1095,qadosaloadtestuser1095@yopmail.com
qadosaloadtestuser1096,qadosaloadtestuser1096@yopmail.com
qadosaloadtestuser1097,qadosaloadtestuser1097@yopmail.com
qadosaloadtestuser1098,qadosaloadtestuser1098@yopmail.com
qadosaloadtestuser1099,qadosaloadtestuser1099@yopmail.com
qadosaloadtestuser1100,qadosaloadtestuser1100@yopmail.com
qadosaloadtestuser1101,qadosaloadtestuser1101@yopmail.com
qadosaloadtestuser1102,qadosaloadtestuser1102@yopmail.com
qadosaloadtestuser1103,qadosaloadtestuser1103@yopmail.com
qadosaloadtestuser1104,qadosaloadtestuser1104@yopmail.com
qadosaloadtestuser1105,qadosaloadtestuser1105@yopmail.com
qadosaloadtestuser1106,qadosaloadtestuser1106@yopmail.com
qadosaloadtestuser1107,qadosaloadtestuser1107@yopmail.com
qadosaloadtestuser1108,qadosaloadtestuser1108@yopmail.com
qadosaloadtestuser1109,qadosaloadtestuser1109@yopmail.com
qadosaloadtestuser1110,qadosaloadtestuser1110@yopmail.com
qadosaloadtestuser1111,qadosaloadtestuser1111@yopmail.com
qadosaloadtestuser1112,qadosaloadtestuser1112@yopmail.com
qadosaloadtestuser1113,qadosaloadtestuser1113@yopmail.com
qadosaloadtestuser1114,qadosaloadtestuser1114@yopmail.com
qadosaloadtestuser1115,qadosaloadtestuser1115@yopmail.com
qadosaloadtestuser1116,qadosaloadtestuser1116@yopmail.com
qadosaloadtestuser1117,qadosaloadtestuser1117@yopmail.com
qadosaloadtestuser1118,qadosaloadtestuser1118@yopmail.com
qadosaloadtestuser1119,qadosaloadtestuser1119@yopmail.com
qadosaloadtestuser1120,qadosaloadtestuser1120@yopmail.com
qadosaloadtestuser1121,qadosaloadtestuser1121@yopmail.com
qadosaloadtestuser1122,qadosaloadtestuser1122@yopmail.com
qadosaloadtestuser1123,qadosaloadtestuser1123@yopmail.com
qadosaloadtestuser1124,qadosaloadtestuser1124@yopmail.com
qadosaloadtestuser1125,qadosaloadtestuser1125@yopmail.com
qadosaloadtestuser1126,qadosaloadtestuser1126@yopmail.com
qadosaloadtestuser1127,qadosaloadtestuser1127@yopmail.com
qadosaloadtestuser1128,qadosaloadtestuser1128@yopmail.com
qadosaloadtestuser1129,qadosaloadtestuser1129@yopmail.com
qadosaloadtestuser1130,qadosaloadtestuser1130@yopmail.com
qadosaloadtestuser1131,qadosaloadtestuser1131@yopmail.com
qadosaloadtestuser1132,qadosaloadtestuser1132@yopmail.com
qadosaloadtestuser1133,qadosaloadtestuser1133@yopmail.com
qadosaloadtestuser1134,qadosaloadtestuser1134@yopmail.com
qadosaloadtestuser1135,qadosaloadtestuser1135@yopmail.com
qadosaloadtestuser1136,qadosaloadtestuser1136@yopmail.com
qadosaloadtestuser1137,qadosaloadtestuser1137@yopmail.com
qadosaloadtestuser1138,qadosaloadtestuser1138@yopmail.com
qadosaloadtestuser1139,qadosaloadtestuser1139@yopmail.com
qadosaloadtestuser1140,qadosaloadtestuser1140@yopmail.com
qadosaloadtestuser1141,qadosaloadtestuser1141@yopmail.com
qadosaloadtestuser1142,qadosaloadtestuser1142@yopmail.com
qadosaloadtestuser1143,qadosaloadtestuser1143@yopmail.com
qadosaloadtestuser1144,qadosaloadtestuser1144@yopmail.com
qadosaloadtestuser1145,qadosaloadtestuser1145@yopmail.com
qadosaloadtestuser1146,qadosaloadtestuser1146@yopmail.com
qadosaloadtestuser1147,qadosaloadtestuser1147@yopmail.com
qadosaloadtestuser1148,qadosaloadtestuser1148@yopmail.com
qadosaloadtestuser1149,qadosaloadtestuser1149@yopmail.com
qadosaloadtestuser1150,qadosaloadtestuser1150@yopmail.com
qadosaloadtestuser1151,qadosaloadtestuser1151@yopmail.com
qadosaloadtestuser1152,qadosaloadtestuser1152@yopmail.com
qadosaloadtestuser1153,qadosaloadtestuser1153@yopmail.com
qadosaloadtestuser1154,qadosaloadtestuser1154@yopmail.com
qadosaloadtestuser1155,qadosaloadtestuser1155@yopmail.com
qadosaloadtestuser1156,qadosaloadtestuser1156@yopmail.com
qadosaloadtestuser1157,qadosaloadtestuser1157@yopmail.com
qadosaloadtestuser1158,qadosaloadtestuser1158@yopmail.com
qadosaloadtestuser1159,qadosaloadtestuser1159@yopmail.com
qadosaloadtestuser1160,qadosaloadtestuser1160@yopmail.com
qadosaloadtestuser1161,qadosaloadtestuser1161@yopmail.com
qadosaloadtestuser1162,qadosaloadtestuser1162@yopmail.com
qadosaloadtestuser1163,qadosaloadtestuser1163@yopmail.com
qadosaloadtestuser1164,qadosaloadtestuser1164@yopmail.com
qadosaloadtestuser1165,qadosaloadtestuser1165@yopmail.com
qadosaloadtestuser1166,qadosaloadtestuser1166@yopmail.com
qadosaloadtestuser1167,qadosaloadtestuser1167@yopmail.com
qadosaloadtestuser1168,qadosaloadtestuser1168@yopmail.com
qadosaloadtestuser1169,qadosaloadtestuser1169@yopmail.com
qadosaloadtestuser1170,qadosaloadtestuser1170@yopmail.com
qadosaloadtestuser1171,qadosaloadtestuser1171@yopmail.com
qadosaloadtestuser1172,qadosaloadtestuser1172@yopmail.com
qadosaloadtestuser1173,qadosaloadtestuser1173@yopmail.com
qadosaloadtestuser1174,qadosaloadtestuser1174@yopmail.com
qadosaloadtestuser1175,qadosaloadtestuser1175@yopmail.com
qadosaloadtestuser1176,qadosaloadtestuser1176@yopmail.com
qadosaloadtestuser1177,qadosaloadtestuser1177@yopmail.com
qadosaloadtestuser1178,qadosaloadtestuser1178@yopmail.com
qadosaloadtestuser1179,qadosaloadtestuser1179@yopmail.com
qadosaloadtestuser1180,qadosaloadtestuser1180@yopmail.com
qadosaloadtestuser1181,qadosaloadtestuser1181@yopmail.com
qadosaloadtestuser1182,qadosaloadtestuser1182@yopmail.com
qadosaloadtestuser1183,qadosaloadtestuser1183@yopmail.com
qadosaloadtestuser1184,qadosaloadtestuser1184@yopmail.com
qadosaloadtestuser1185,qadosaloadtestuser1185@yopmail.com
qadosaloadtestuser1186,qadosaloadtestuser1186@yopmail.com
qadosaloadtestuser1187,qadosaloadtestuser1187@yopmail.com
qadosaloadtestuser1188,qadosaloadtestuser1188@yopmail.com
qadosaloadtestuser1189,qadosaloadtestuser1189@yopmail.com
qadosaloadtestuser1190,qadosaloadtestuser1190@yopmail.com
qadosaloadtestuser1191,qadosaloadtestuser1191@yopmail.com
qadosaloadtestuser1192,qadosaloadtestuser1192@yopmail.com
qadosaloadtestuser1193,qadosaloadtestuser1193@yopmail.com
qadosaloadtestuser1194,qadosaloadtestuser1194@yopmail.com
qadosaloadtestuser1195,qadosaloadtestuser1195@yopmail.com
qadosaloadtestuser1196,qadosaloadtestuser1196@yopmail.com
qadosaloadtestuser1197,qadosaloadtestuser1197@yopmail.com
qadosaloadtestuser1198,qadosaloadtestuser1198@yopmail.com
qadosaloadtestuser1199,qadosaloadtestuser1199@yopmail.com
qadosaloadtestuser1200,qadosaloadtestuser1200@yopmail.com
qadosaloadtestuser1201,qadosaloadtestuser1201@yopmail.com
qadosaloadtestuser1202,qadosaloadtestuser1202@yopmail.com
qadosaloadtestuser1203,qadosaloadtestuser1203@yopmail.com
qadosaloadtestuser1204,qadosaloadtestuser1204@yopmail.com
qadosaloadtestuser1205,qadosaloadtestuser1205@yopmail.com
qadosaloadtestuser1206,qadosaloadtestuser1206@yopmail.com
qadosaloadtestuser1207,qadosaloadtestuser1207@yopmail.com
qadosaloadtestuser1208,qadosaloadtestuser1208@yopmail.com
qadosaloadtestuser1209,qadosaloadtestuser1209@yopmail.com
qadosaloadtestuser1210,qadosaloadtestuser1210@yopmail.com
qadosaloadtestuser1211,qadosaloadtestuser1211@yopmail.com
qadosaloadtestuser1212,qadosaloadtestuser1212@yopmail.com
qadosaloadtestuser1213,qadosaloadtestuser1213@yopmail.com
qadosaloadtestuser1214,qadosaloadtestuser1214@yopmail.com
qadosaloadtestuser1215,qadosaloadtestuser1215@yopmail.com
qadosaloadtestuser1216,qadosaloadtestuser1216@yopmail.com
qadosaloadtestuser1217,qadosaloadtestuser1217@yopmail.com
qadosaloadtestuser1218,qadosaloadtestuser1218@yopmail.com
qadosaloadtestuser1219,qadosaloadtestuser1219@yopmail.com
qadosaloadtestuser1220,qadosaloadtestuser1220@yopmail.com
qadosaloadtestuser1221,qadosaloadtestuser1221@yopmail.com
qadosaloadtestuser1222,qadosaloadtestuser1222@yopmail.com
qadosaloadtestuser1223,qadosaloadtestuser1223@yopmail.com
qadosaloadtestuser1224,qadosaloadtestuser1224@yopmail.com
qadosaloadtestuser1225,qadosaloadtestuser1225@yopmail.com
qadosaloadtestuser1226,qadosaloadtestuser1226@yopmail.com
qadosaloadtestuser1227,qadosaloadtestuser1227@yopmail.com
qadosaloadtestuser1228,qadosaloadtestuser1228@yopmail.com
qadosaloadtestuser1229,qadosaloadtestuser1229@yopmail.com
qadosaloadtestuser1230,qadosaloadtestuser1230@yopmail.com
qadosaloadtestuser1231,qadosaloadtestuser1231@yopmail.com
qadosaloadtestuser1232,qadosaloadtestuser1232@yopmail.com
qadosaloadtestuser1233,qadosaloadtestuser1233@yopmail.com
qadosaloadtestuser1234,qadosaloadtestuser1234@yopmail.com
qadosaloadtestuser1235,qadosaloadtestuser1235@yopmail.com
qadosaloadtestuser1236,qadosaloadtestuser1236@yopmail.com
qadosaloadtestuser1237,qadosaloadtestuser1237@yopmail.com
qadosaloadtestuser1238,qadosaloadtestuser1238@yopmail.com
qadosaloadtestuser1239,qadosaloadtestuser1239@yopmail.com
qadosaloadtestuser1240,qadosaloadtestuser1240@yopmail.com
qadosaloadtestuser1241,qadosaloadtestuser1241@yopmail.com
qadosaloadtestuser1242,qadosaloadtestuser1242@yopmail.com
qadosaloadtestuser1243,qadosaloadtestuser1243@yopmail.com
qadosaloadtestuser1244,qadosaloadtestuser1244@yopmail.com
qadosaloadtestuser1245,qadosaloadtestuser1245@yopmail.com
qadosaloadtestuser1246,qadosaloadtestuser1246@yopmail.com
qadosaloadtestuser1247,qadosaloadtestuser1247@yopmail.com
qadosaloadtestuser1248,qadosaloadtestuser1248@yopmail.com
qadosaloadtestuser1249,qadosaloadtestuser1249@yopmail.com
qadosaloadtestuser1250,qadosaloadtestuser1250@yopmail.com
qadosaloadtestuser1251,qadosaloadtestuser1251@yopmail.com
qadosaloadtestuser1252,qadosaloadtestuser1252@yopmail.com
qadosaloadtestuser1253,qadosaloadtestuser1253@yopmail.com
qadosaloadtestuser1254,qadosaloadtestuser1254@yopmail.com
qadosaloadtestuser1255,qadosaloadtestuser1255@yopmail.com
qadosaloadtestuser1256,qadosaloadtestuser1256@yopmail.com
qadosaloadtestuser1257,qadosaloadtestuser1257@yopmail.com
qadosaloadtestuser1258,qadosaloadtestuser1258@yopmail.com
qadosaloadtestuser1259,qadosaloadtestuser1259@yopmail.com
qadosaloadtestuser1260,qadosaloadtestuser1260@yopmail.com
qadosaloadtestuser1261,qadosaloadtestuser1261@yopmail.com
qadosaloadtestuser1262,qadosaloadtestuser1262@yopmail.com
qadosaloadtestuser1263,qadosaloadtestuser1263@yopmail.com
qadosaloadtestuser1264,qadosaloadtestuser1264@yopmail.com
qadosaloadtestuser1265,qadosaloadtestuser1265@yopmail.com
qadosaloadtestuser1266,qadosaloadtestuser1266@yopmail.com
qadosaloadtestuser1267,qadosaloadtestuser1267@yopmail.com
qadosaloadtestuser1268,qadosaloadtestuser1268@yopmail.com
qadosaloadtestuser1269,qadosaloadtestuser1269@yopmail.com
qadosaloadtestuser1270,qadosaloadtestuser1270@yopmail.com
qadosaloadtestuser1271,qadosaloadtestuser1271@yopmail.com
qadosaloadtestuser1272,qadosaloadtestuser1272@yopmail.com
qadosaloadtestuser1273,qadosaloadtestuser1273@yopmail.com
qadosaloadtestuser1274,qadosaloadtestuser1274@yopmail.com
qadosaloadtestuser1275,qadosaloadtestuser1275@yopmail.com
qadosaloadtestuser1276,qadosaloadtestuser1276@yopmail.com
qadosaloadtestuser1277,qadosaloadtestuser1277@yopmail.com
qadosaloadtestuser1278,qadosaloadtestuser1278@yopmail.com
qadosaloadtestuser1279,qadosaloadtestuser1279@yopmail.com
qadosaloadtestuser1280,qadosaloadtestuser1280@yopmail.com
qadosaloadtestuser1281,qadosaloadtestuser1281@yopmail.com
qadosaloadtestuser1282,qadosaloadtestuser1282@yopmail.com
qadosaloadtestuser1283,qadosaloadtestuser1283@yopmail.com
qadosaloadtestuser1284,qadosaloadtestuser1284@yopmail.com
qadosaloadtestuser1285,qadosaloadtestuser1285@yopmail.com
qadosaloadtestuser1286,qadosaloadtestuser1286@yopmail.com
qadosaloadtestuser1287,qadosaloadtestuser1287@yopmail.com
qadosaloadtestuser1288,qadosaloadtestuser1288@yopmail.com
qadosaloadtestuser1289,qadosaloadtestuser1289@yopmail.com
qadosaloadtestuser1290,qadosaloadtestuser1290@yopmail.com
qadosaloadtestuser1291,qadosaloadtestuser1291@yopmail.com
qadosaloadtestuser1292,qadosaloadtestuser1292@yopmail.com
qadosaloadtestuser1293,qadosaloadtestuser1293@yopmail.com
qadosaloadtestuser1294,qadosaloadtestuser1294@yopmail.com
qadosaloadtestuser1295,qadosaloadtestuser1295@yopmail.com
qadosaloadtestuser1296,qadosaloadtestuser1296@yopmail.com
qadosaloadtestuser1297,qadosaloadtestuser1297@yopmail.com
qadosaloadtestuser1298,qadosaloadtestuser1298@yopmail.com
qadosaloadtestuser1299,qadosaloadtestuser1299@yopmail.com
qadosaloadtestuser1300,qadosaloadtestuser1300@yopmail.com
qadosaloadtestuser1301,qadosaloadtestuser1301@yopmail.com
qadosaloadtestuser1302,qadosaloadtestuser1302@yopmail.com
qadosaloadtestuser1303,qadosaloadtestuser1303@yopmail.com
qadosaloadtestuser1304,qadosaloadtestuser1304@yopmail.com
qadosaloadtestuser1305,qadosaloadtestuser1305@yopmail.com
qadosaloadtestuser1306,qadosaloadtestuser1306@yopmail.com
qadosaloadtestuser1307,qadosaloadtestuser1307@yopmail.com
qadosaloadtestuser1308,qadosaloadtestuser1308@yopmail.com
qadosaloadtestuser1309,qadosaloadtestuser1309@yopmail.com
qadosaloadtestuser1310,qadosaloadtestuser1310@yopmail.com
qadosaloadtestuser1311,qadosaloadtestuser1311@yopmail.com
qadosaloadtestuser1312,qadosaloadtestuser1312@yopmail.com
qadosaloadtestuser1313,qadosaloadtestuser1313@yopmail.com
qadosaloadtestuser1314,qadosaloadtestuser1314@yopmail.com
qadosaloadtestuser1315,qadosaloadtestuser1315@yopmail.com
qadosaloadtestuser1316,qadosaloadtestuser1316@yopmail.com
qadosaloadtestuser1317,qadosaloadtestuser1317@yopmail.com
qadosaloadtestuser1318,qadosaloadtestuser1318@yopmail.com
qadosaloadtestuser1319,qadosaloadtestuser1319@yopmail.com
qadosaloadtestuser1320,qadosaloadtestuser1320@yopmail.com
qadosaloadtestuser1321,qadosaloadtestuser1321@yopmail.com
qadosaloadtestuser1322,qadosaloadtestuser1322@yopmail.com
qadosaloadtestuser1323,qadosaloadtestuser1323@yopmail.com
qadosaloadtestuser1324,qadosaloadtestuser1324@yopmail.com
qadosaloadtestuser1325,qadosaloadtestuser1325@yopmail.com
qadosaloadtestuser1326,qadosaloadtestuser1326@yopmail.com
qadosaloadtestuser1327,qadosaloadtestuser1327@yopmail.com
qadosaloadtestuser1328,qadosaloadtestuser1328@yopmail.com
qadosaloadtestuser1329,qadosaloadtestuser1329@yopmail.com
qadosaloadtestuser1330,qadosaloadtestuser1330@yopmail.com
qadosaloadtestuser1331,qadosaloadtestuser1331@yopmail.com
qadosaloadtestuser1332,qadosaloadtestuser1332@yopmail.com
qadosaloadtestuser1333,qadosaloadtestuser1333@yopmail.com
qadosaloadtestuser1334,qadosaloadtestuser1334@yopmail.com
qadosaloadtestuser1335,qadosaloadtestuser1335@yopmail.com
qadosaloadtestuser1336,qadosaloadtestuser1336@yopmail.com
qadosaloadtestuser1337,qadosaloadtestuser1337@yopmail.com
qadosaloadtestuser1338,qadosaloadtestuser1338@yopmail.com
qadosaloadtestuser1339,qadosaloadtestuser1339@yopmail.com
qadosaloadtestuser1340,qadosaloadtestuser1340@yopmail.com
qadosaloadtestuser1341,qadosaloadtestuser1341@yopmail.com
qadosaloadtestuser1342,qadosaloadtestuser1342@yopmail.com
qadosaloadtestuser1343,qadosaloadtestuser1343@yopmail.com
qadosaloadtestuser1344,qadosaloadtestuser1344@yopmail.com
qadosaloadtestuser1345,qadosaloadtestuser1345@yopmail.com
qadosaloadtestuser1346,qadosaloadtestuser1346@yopmail.com
qadosaloadtestuser1347,qadosaloadtestuser1347@yopmail.com
qadosaloadtestuser1348,qadosaloadtestuser1348@yopmail.com
qadosaloadtestuser1349,qadosaloadtestuser1349@yopmail.com
qadosaloadtestuser1350,qadosaloadtestuser1350@yopmail.com
qadosaloadtestuser1351,qadosaloadtestuser1351@yopmail.com
qadosaloadtestuser1352,qadosaloadtestuser1352@yopmail.com
qadosaloadtestuser1353,qadosaloadtestuser1353@yopmail.com
qadosaloadtestuser1354,qadosaloadtestuser1354@yopmail.com
qadosaloadtestuser1355,qadosaloadtestuser1355@yopmail.com
qadosaloadtestuser1356,qadosaloadtestuser1356@yopmail.com
qadosaloadtestuser1357,qadosaloadtestuser1357@yopmail.com
qadosaloadtestuser1358,qadosaloadtestuser1358@yopmail.com
qadosaloadtestuser1359,qadosaloadtestuser1359@yopmail.com
qadosaloadtestuser1360,qadosaloadtestuser1360@yopmail.com
qadosaloadtestuser1361,qadosaloadtestuser1361@yopmail.com
qadosaloadtestuser1362,qadosaloadtestuser1362@yopmail.com
qadosaloadtestuser1363,qadosaloadtestuser1363@yopmail.com
qadosaloadtestuser1364,qadosaloadtestuser1364@yopmail.com
qadosaloadtestuser1365,qadosaloadtestuser1365@yopmail.com
qadosaloadtestuser1366,qadosaloadtestuser1366@yopmail.com
qadosaloadtestuser1367,qadosaloadtestuser1367@yopmail.com
qadosaloadtestuser1368,qadosaloadtestuser1368@yopmail.com
qadosaloadtestuser1369,qadosaloadtestuser1369@yopmail.com
qadosaloadtestuser1370,qadosaloadtestuser1370@yopmail.com
qadosaloadtestuser1371,qadosaloadtestuser1371@yopmail.com
qadosaloadtestuser1372,qadosaloadtestuser1372@yopmail.com
qadosaloadtestuser1373,qadosaloadtestuser1373@yopmail.com
qadosaloadtestuser1374,qadosaloadtestuser1374@yopmail.com
qadosaloadtestuser1375,qadosaloadtestuser1375@yopmail.com
qadosaloadtestuser1376,qadosaloadtestuser1376@yopmail.com
qadosaloadtestuser1377,qadosaloadtestuser1377@yopmail.com
qadosaloadtestuser1378,qadosaloadtestuser1378@yopmail.com
qadosaloadtestuser1379,qadosaloadtestuser1379@yopmail.com
qadosaloadtestuser1380,qadosaloadtestuser1380@yopmail.com
qadosaloadtestuser1381,qadosaloadtestuser1381@yopmail.com
qadosaloadtestuser1382,qadosaloadtestuser1382@yopmail.com
qadosaloadtestuser1383,qadosaloadtestuser1383@yopmail.com
qadosaloadtestuser1384,qadosaloadtestuser1384@yopmail.com
qadosaloadtestuser1385,qadosaloadtestuser1385@yopmail.com
qadosaloadtestuser1386,qadosaloadtestuser1386@yopmail.com
qadosaloadtestuser1387,qadosaloadtestuser1387@yopmail.com
qadosaloadtestuser1388,qadosaloadtestuser1388@yopmail.com
qadosaloadtestuser1389,qadosaloadtestuser1389@yopmail.com
qadosaloadtestuser1390,qadosaloadtestuser1390@yopmail.com
qadosaloadtestuser1391,qadosaloadtestuser1391@yopmail.com
qadosaloadtestuser1392,qadosaloadtestuser1392@yopmail.com
qadosaloadtestuser1393,qadosaloadtestuser1393@yopmail.com
qadosaloadtestuser1394,qadosaloadtestuser1394@yopmail.com
qadosaloadtestuser1395,qadosaloadtestuser1395@yopmail.com
qadosaloadtestuser1396,qadosaloadtestuser1396@yopmail.com
qadosaloadtestuser1397,qadosaloadtestuser1397@yopmail.com
qadosaloadtestuser1398,qadosaloadtestuser1398@yopmail.com
qadosaloadtestuser1399,qadosaloadtestuser1399@yopmail.com
qadosaloadtestuser1400,qadosaloadtestuser1400@yopmail.com
qadosaloadtestuser1401,qadosaloadtestuser1401@yopmail.com
qadosaloadtestuser1402,qadosaloadtestuser1402@yopmail.com
qadosaloadtestuser1403,qadosaloadtestuser1403@yopmail.com
qadosaloadtestuser1404,qadosaloadtestuser1404@yopmail.com
qadosaloadtestuser1405,qadosaloadtestuser1405@yopmail.com
qadosaloadtestuser1406,qadosaloadtestuser1406@yopmail.com
qadosaloadtestuser1407,qadosaloadtestuser1407@yopmail.com
qadosaloadtestuser1408,qadosaloadtestuser1408@yopmail.com
qadosaloadtestuser1409,qadosaloadtestuser1409@yopmail.com
qadosaloadtestuser1410,qadosaloadtestuser1410@yopmail.com
qadosaloadtestuser1411,qadosaloadtestuser1411@yopmail.com
qadosaloadtestuser1412,qadosaloadtestuser1412@yopmail.com
qadosaloadtestuser1413,qadosaloadtestuser1413@yopmail.com
qadosaloadtestuser1414,qadosaloadtestuser1414@yopmail.com
qadosaloadtestuser1415,qadosaloadtestuser1415@yopmail.com
qadosaloadtestuser1416,qadosaloadtestuser1416@yopmail.com
qadosaloadtestuser1417,qadosaloadtestuser1417@yopmail.com
qadosaloadtestuser1418,qadosaloadtestuser1418@yopmail.com
qadosaloadtestuser1419,qadosaloadtestuser1419@yopmail.com
qadosaloadtestuser1420,qadosaloadtestuser1420@yopmail.com
qadosaloadtestuser1421,qadosaloadtestuser1421@yopmail.com
qadosaloadtestuser1422,qadosaloadtestuser1422@yopmail.com
qadosaloadtestuser1423,qadosaloadtestuser1423@yopmail.com
qadosaloadtestuser1424,qadosaloadtestuser1424@yopmail.com
qadosaloadtestuser1425,qadosaloadtestuser1425@yopmail.com
qadosaloadtestuser1426,qadosaloadtestuser1426@yopmail.com
qadosaloadtestuser1427,qadosaloadtestuser1427@yopmail.com
qadosaloadtestuser1428,qadosaloadtestuser1428@yopmail.com
qadosaloadtestuser1429,qadosaloadtestuser1429@yopmail.com
qadosaloadtestuser1430,qadosaloadtestuser1430@yopmail.com
qadosaloadtestuser1431,qadosaloadtestuser1431@yopmail.com
qadosaloadtestuser1432,qadosaloadtestuser1432@yopmail.com
qadosaloadtestuser1433,qadosaloadtestuser1433@yopmail.com
qadosaloadtestuser1434,qadosaloadtestuser1434@yopmail.com
qadosaloadtestuser1435,qadosaloadtestuser1435@yopmail.com
qadosaloadtestuser1436,qadosaloadtestuser1436@yopmail.com
qadosaloadtestuser1437,qadosaloadtestuser1437@yopmail.com
qadosaloadtestuser1438,qadosaloadtestuser1438@yopmail.com
qadosaloadtestuser1439,qadosaloadtestuser1439@yopmail.com
qadosaloadtestuser1440,qadosaloadtestuser1440@yopmail.com
qadosaloadtestuser1441,qadosaloadtestuser1441@yopmail.com
qadosaloadtestuser1442,qadosaloadtestuser1442@yopmail.com
qadosaloadtestuser1443,qadosaloadtestuser1443@yopmail.com
qadosaloadtestuser1444,qadosaloadtestuser1444@yopmail.com
qadosaloadtestuser1445,qadosaloadtestuser1445@yopmail.com
qadosaloadtestuser1446,qadosaloadtestuser1446@yopmail.com
qadosaloadtestuser1447,qadosaloadtestuser1447@yopmail.com
qadosaloadtestuser1448,qadosaloadtestuser1448@yopmail.com
qadosaloadtestuser1449,qadosaloadtestuser1449@yopmail.com
qadosaloadtestuser1450,qadosaloadtestuser1450@yopmail.com
qadosaloadtestuser1451,qadosaloadtestuser1451@yopmail.com
qadosaloadtestuser1452,qadosaloadtestuser1452@yopmail.com
qadosaloadtestuser1453,qadosaloadtestuser1453@yopmail.com
qadosaloadtestuser1454,qadosaloadtestuser1454@yopmail.com
qadosaloadtestuser1455,qadosaloadtestuser1455@yopmail.com
qadosaloadtestuser1456,qadosaloadtestuser1456@yopmail.com
qadosaloadtestuser1457,qadosaloadtestuser1457@yopmail.com
qadosaloadtestuser1458,qadosaloadtestuser1458@yopmail.com
qadosaloadtestuser1459,qadosaloadtestuser1459@yopmail.com
qadosaloadtestuser1460,qadosaloadtestuser1460@yopmail.com
qadosaloadtestuser1461,qadosaloadtestuser1461@yopmail.com
qadosaloadtestuser1462,qadosaloadtestuser1462@yopmail.com
qadosaloadtestuser1463,qadosaloadtestuser1463@yopmail.com
qadosaloadtestuser1464,qadosaloadtestuser1464@yopmail.com
qadosaloadtestuser1465,qadosaloadtestuser1465@yopmail.com
qadosaloadtestuser1466,qadosaloadtestuser1466@yopmail.com
qadosaloadtestuser1467,qadosaloadtestuser1467@yopmail.com
qadosaloadtestuser1468,qadosaloadtestuser1468@yopmail.com
qadosaloadtestuser1469,qadosaloadtestuser1469@yopmail.com
qadosaloadtestuser1470,qadosaloadtestuser1470@yopmail.com
qadosaloadtestuser1471,qadosaloadtestuser1471@yopmail.com
qadosaloadtestuser1472,qadosaloadtestuser1472@yopmail.com
qadosaloadtestuser1473,qadosaloadtestuser1473@yopmail.com
qadosaloadtestuser1474,qadosaloadtestuser1474@yopmail.com
qadosaloadtestuser1475,qadosaloadtestuser1475@yopmail.com
qadosaloadtestuser1476,qadosaloadtestuser1476@yopmail.com
qadosaloadtestuser1477,qadosaloadtestuser1477@yopmail.com
qadosaloadtestuser1478,qadosaloadtestuser1478@yopmail.com
qadosaloadtestuser1479,qadosaloadtestuser1479@yopmail.com
qadosaloadtestuser1480,qadosaloadtestuser1480@yopmail.com
qadosaloadtestuser1481,qadosaloadtestuser1481@yopmail.com
qadosaloadtestuser1482,qadosaloadtestuser1482@yopmail.com
qadosaloadtestuser1483,qadosaloadtestuser1483@yopmail.com
qadosaloadtestuser1484,qadosaloadtestuser1484@yopmail.com
qadosaloadtestuser1485,qadosaloadtestuser1485@yopmail.com
qadosaloadtestuser1486,qadosaloadtestuser1486@yopmail.com
qadosaloadtestuser1487,qadosaloadtestuser1487@yopmail.com
qadosaloadtestuser1488,qadosaloadtestuser1488@yopmail.com
qadosaloadtestuser1489,qadosaloadtestuser1489@yopmail.com
qadosaloadtestuser1490,qadosaloadtestuser1490@yopmail.com
qadosaloadtestuser1491,qadosaloadtestuser1491@yopmail.com
qadosaloadtestuser1492,qadosaloadtestuser1492@yopmail.com
qadosaloadtestuser1493,qadosaloadtestuser1493@yopmail.com
qadosaloadtestuser1494,qadosaloadtestuser1494@yopmail.com
qadosaloadtestuser1495,qadosaloadtestuser1495@yopmail.com
qadosaloadtestuser1496,qadosaloadtestuser1496@yopmail.com
qadosaloadtestuser1497,qadosaloadtestuser1497@yopmail.com
qadosaloadtestuser1498,qadosaloadtestuser1498@yopmail.com
qadosaloadtestuser1499,qadosaloadtestuser1499@yopmail.com
qadosaloadtestuser1500,qadosaloadtestuser1500@yopmail.com
,
,
,
,
,
,
,
,
,
,
,
,
,
,
,
,
,
,
,
,
,
,
,
,
,
,
,
,
,
,
,
,
,
,
,
,
,
,
,
,
,
,
,
,
,
,
,
,
,
,
,
,
